text,participant_id,source_name,evidence_id,quote,timestamp,suggested_labels,gold_labels,review_status,review_comment
"Okay, yeah, so my main building research is in self-tracking practices - in running in particular. So I'm looking to understand how people use their smart watches or other types of devices. and I tend to do this by running with people, so it's a participatory method. So, um, a particular method that I use is using the 360-degree action camera. So, I record The app, the actions of the participants, as well as have an interview with them. So use it [for] more open-ended questions, really. So I tend to, you know, they’re semi-structured interviews, but they can quite often be open as well. So unstructured these as well, but, that's kind of the typical method. And another method I use are just using virtual interviews. So they're, they're the, primarily the three that I use. So, my 360 camera action camera, face to face interviews, and online interviews like this one. Yes, it's quite new. I think certainly in information science/information studies, which is, it's not really been done before. So there have been studies before in running, but that tends to be like geography. Or sort of sociology with like, the embodied sort of, in embodiment - that kind of stuff. So, the sociology in the body and, but people have tended to us, just a camera like a 180 camera on that kind of, there's been some issues. So I just pushed that forward a bit. So then you've got an opportunity for observation after the event. to use a VR headset as well, to immerse myself back into the data.",P001,Interview -1.txt,P001_E001,"Okay, yeah, so my main building research is in self-tracking practices - in running in particular. So I'm looking to understand how people use their smart watches or other types of devices. and I tend to do this by running with people, so it's a participatory method. So, um, a particular method that I use is using the 360-degree action camera. So, I record The app, the actions of the participants, as well as have an interview with them. So use it [for] more open-ended questions, really. So I tend to, you know, they’re semi-structured interviews, but they can quite often be open as well. So unstructured these as well, but, that's kind of the typical method. And another method I use are just using virtual interviews. So they're, they're the, primarily the three that I use. So, my 360 camera action camera, face to face interviews, and online interviews like this one.",,response:neutral;outcome:abandonment,,pending,
"Okay, yeah, so my main building research is in self-tracking practices - in running in particular. So I'm looking to understand how people use their smart watches or other types of devices. and I tend to do this by running with people, so it's a participatory method. So, um, a particular method that I use is using the 360-degree action camera. So, I record The app, the actions of the participants, as well as have an interview with them. So use it [for] more open-ended questions, really. So I tend to, you know, they’re semi-structured interviews, but they can quite often be open as well. So unstructured these as well, but, that's kind of the typical method. And another method I use are just using virtual interviews. So they're, they're the, primarily the three that I use. So, my 360 camera action camera, face to face interviews, and online interviews like this one. Yes, it's quite new. I think certainly in information science/information studies, which is, it's not really been done before. So there have been studies before in running, but that tends to be like geography. Or sort of sociology with like, the embodied sort of, in embodiment - that kind of stuff. So, the sociology in the body and, but people have tended to us, just a camera like a 180 camera on that kind of, there's been some issues. So I just pushed that forward a bit. So then you've got an opportunity for observation after the event. to use a VR headset as well, to immerse myself back into the data. And I'm actually,…",P001,Interview -1.txt,P001_E002,"Yes, it's quite new. I think certainly in information science/information studies, which is, it's not really been done before. So there have been studies before in running, but that tends to be like geography. Or sort of sociology with like, the embodied sort of, in embodiment - that kind of stuff. So, the sociology in the body and, but people have tended to us, just a camera like a 180 camera on that kind of, there's been some issues. So I just pushed that forward a bit. So then you've got an opportunity for observation after the event. to use a VR headset as well, to immerse myself back into the data.",,response:neutral;outcome:abandonment,,pending,
"Yes, it's quite new. I think certainly in information science/information studies, which is, it's not really been done before. So there have been studies before in running, but that tends to be like geography. Or sort of sociology with like, the embodied sort of, in embodiment - that kind of stuff. So, the sociology in the body and, but people have tended to us, just a camera like a 180 camera on that kind of, there's been some issues. So I just pushed that forward a bit. So then you've got an opportunity for observation after the event. to use a VR headset as well, to immerse myself back into the data. And I'm actually,… …so the framework that I [use is] situational analysis, and so that's like a step on from grounded theory method. So, that's that's kind of where I sit. So it's those kinds of tools and techniques. So specifically, I don't, I don't tend to use things like Atlas Ti or other qualitative, Nvivo., things like that. I tend to be more actually, [a] pen and paper kind of person. At those things. And then I will transfer those maps onto, I use inspiration IE9, which is provided by the University Software Center. So, it gives, that's, that's where I start to actually record my physical findings. So to come back to situational analysis, and how that maps to the mapping that I do. You have, you kind of see, develop the sensitizing concepts, and then you write them down like a messy map. It's like a big piece of paper. Just write all the words, it doesn't matter how they relate to each other. And then you start to, you move on to the second part, which - relational analysis is just to start with one of the concepts and the ideas, and just relate them to everything else that's on your map. You start to see how relationships form, and you do that each of the concepts. That [takes] quite a lot of thinking time. And while I'm doing that, I've got a book at site, I make - making sort of notes as I am going along. So, that's kind of the main bit. And then after that, you analyze something, the positional maps. So the XY, It's not, it's not, it sounds a lot more quantitative than [it] actually is! This [is] entirely qualitative to sort of put a concept along the bottom on, like a scale, and another concept, and then you map into the middle some ideas. And that's really good for seeing what data you've got, where things are congregating, and, but you can also see the gaps and silences, which is all that's interesting too. So highly qualitative, highly interpretive methods. Yeah.",P001,Interview -1.txt,P001_E003,"And I'm actually,…",,domain:discoverability;issue:discoverability;response:positive;outcome:abandonment,,pending,
"And I'm actually,… …so the framework that I [use is] situational analysis, and so that's like a step on from grounded theory method. So, that's that's kind of where I sit. So it's those kinds of tools and techniques. So specifically, I don't, I don't tend to use things like Atlas Ti or other qualitative, Nvivo., things like that. I tend to be more actually, [a] pen and paper kind of person. At those things. And then I will transfer those maps onto, I use inspiration IE9, which is provided by the University Software Center. So, it gives, that's, that's where I start to actually record my physical findings. So to come back to situational analysis, and how that maps to the mapping that I do. You have, you kind of see, develop the sensitizing concepts, and then you write them down like a messy map. It's like a big piece of paper. Just write all the words, it doesn't matter how they relate to each other. And then you start to, you move on to the second part, which - relational analysis is just to start with one of the concepts and the ideas, and just relate them to everything else that's on your map. You start to see how relationships form, and you do that each of the concepts. That [takes] quite a lot of thinking time. And while I'm doing that, I've got a book at site, I make - making sort of notes as I am going along. So, that's kind of the main bit. And then after that, you analyze something, the positional maps. So the XY, It's not, it's not, it sounds a lot more quantitative than [it] actually is! This [is] entirely qualitative to sort of put a concept along the bottom on, like a scale, and another concept, and then you map into the middle some ideas. And that's really good for seeing what data you've got, where things are congregating, and, but you can also see the gaps and silences, which is all that's interesting too. So highly qualitative, highly interpretive methods. Yeah. I'm, is that with particularly just the data [that] are generated and analysis. Yeah. It's, I think. To some extent being, yeah, that qualitative research is, it's kind of like it's mine[field] in a way too, I think, and that's So acutely aware, and I put this into all my justifications and everything, and I don't really call it a limitation. I think it's more of a kind of how I sit in the research. So the positionality is a research on very much in that particular research. So that's something that I actually embrace. Whereas I think other paradigms are be get out of there, you should be impartial, you should be away from. This was like what I argue. The philosophy was, search approaches very much like this is my insider information - that I add to the process. So it's an abductive process. That's very much here. Some data, here's my experience, here’s other people, and this is what results. So, I think what I produce in terms of the analysis is very much, I am aware, it's my interpretation of the data. For me, trying to, I do try and build rigour into my research. But that tends to be more through transparency. But I also have attention there because the data that I collected audio visuals 360, And I have the participants for me. I've got the duty of care to them, and they do come first as far as I'm concerned. So, when I get the consent from them, and I explained very early on about UK data archives, or Sheffield's, repositories and things like that of what potentially could happen later. So, from that respect, with the, with the audio-visual data, I'm particularly sensitive, how that's getting managed. And I build in checks and measures throughout my research, to say I'm doing this with it. Now, I'm doing this with it now. At what point got to start processing it for the purposes of sort of GDPRr as well, but just, it's just good relationship, really, with the participants - of I am doing this with your audio visual stuff, which by the way is research data, and that does present problems in the sense of people want things up like their faces blurred out which - we're doing this kind of thing - is really not what to say, because I can see the benefits that if I put this in the UKDA and put an embargo on it for 10 or 15 years, that might be useful for somebody in 10-15 years time say, but it's not going to be that useful in the interim, but, so for me, that's [a] particular challenge. And then and then the other side of it is constantly the data that I produced for diagrams and things are using those situated situational analysis tools. The messy mapping, the relational mapping, and the positional maps. I keep those, and because I want to show my workings out to the - partly other researchers. So the idea there, is to deposit all that kind of stuff as well, actually to be open and transparent. So, that's how I'm trying to demonstrate the rigour. But there's that difficulty in, I'm quite happy to give - not give away - but to share my analysis. But what's harder is convincing participants of their higher personal data of their faces, that their actions, and that kind…especially the 360 environment, of having that transferred to a data. However, all the right security, and all the right protections. So yeah, the audio visual bit from these - the challenge as opposed to - you know, producing a transcripts and putting transcripts, it's not being able to access that data that I've collected because I feel I should. It's something that I think would be useful to other researchers. I didn't want that to be open, but comes with that huge tension of - and people's personal data rights.",P001,Interview -1.txt,P001_E004,"…so the framework that I [use is] situational analysis, and so that's like a step on from grounded theory method. So, that's that's kind of where I sit. So it's those kinds of tools and techniques. So specifically, I don't, I don't tend to use things like Atlas Ti or other qualitative, Nvivo., things like that. I tend to be more actually, [a] pen and paper kind of person. At those things. And then I will transfer those maps onto, I use inspiration IE9, which is provided by the University Software Center. So, it gives, that's, that's where I start to actually record my physical findings. So to come back to situational analysis, and how that maps to the mapping that I do. You have, you kind of see, develop the sensitizing concepts, and then you write them down like a messy map. It's like a big piece of paper. Just write all the words, it doesn't matter how they relate to each other. And then you start to, you move on to the second part, which - relational analysis is just to start with one of the concepts and the ideas, and just relate them to everything else that's on your map. You start to see how relationships form, and you do that each of the concepts. That [takes] quite a lot of thinking time. And while I'm doing that, I've got a book at site, I make - making sort of notes as I am going along. So, that's kind of the main bit. And then after that, you analyze something, the positional maps. So the XY, It's not, it's not, it sounds a lot more quantitative than [it] actually is! This [is] entirely qualitative to sort of put a concept along the bottom on, like a scale, and another concept, and then you map into the middle some ideas. And that's really good for seeing what data you've got, where things are congregating, and, but you can also see the gaps and silences, which is all that's interesting too. So highly qualitative, highly interpretive methods. Yeah.",,domain:discoverability;issue:discoverability;domain:workflow;issue:workflow;response:positive;response:satisfaction;outcome:abandonment,,pending,
"…so the framework that I [use is] situational analysis, and so that's like a step on from grounded theory method. So, that's that's kind of where I sit. So it's those kinds of tools and techniques. So specifically, I don't, I don't tend to use things like Atlas Ti or other qualitative, Nvivo., things like that. I tend to be more actually, [a] pen and paper kind of person. At those things. And then I will transfer those maps onto, I use inspiration IE9, which is provided by the University Software Center. So, it gives, that's, that's where I start to actually record my physical findings. So to come back to situational analysis, and how that maps to the mapping that I do. You have, you kind of see, develop the sensitizing concepts, and then you write them down like a messy map. It's like a big piece of paper. Just write all the words, it doesn't matter how they relate to each other. And then you start to, you move on to the second part, which - relational analysis is just to start with one of the concepts and the ideas, and just relate them to everything else that's on your map. You start to see how relationships form, and you do that each of the concepts. That [takes] quite a lot of thinking time. And while I'm doing that, I've got a book at site, I make - making sort of notes as I am going along. So, that's kind of the main bit. And then after that, you analyze something, the positional maps. So the XY, It's not, it's not, it sounds a lot more quantitative than [it] actually is! This [is] entirely qualitative to sort of put a concept along the bottom on, like a scale, and another concept, and then you map into the middle some ideas. And that's really good for seeing what data you've got, where things are congregating, and, but you can also see the gaps and silences, which is all that's interesting too. So highly qualitative, highly interpretive methods. Yeah. I'm, is that with particularly just the data [that] are generated and analysis. Yeah. It's, I think. To some extent being, yeah, that qualitative research is, it's kind of like it's mine[field] in a way too, I think, and that's So acutely aware, and I put this into all my justifications and everything, and I don't really call it a limitation. I think it's more of a kind of how I sit in the research. So the positionality is a research on very much in that particular research. So that's something that I actually embrace. Whereas I think other paradigms are be get out of there, you should be impartial, you should be away from. This was like what I argue. The philosophy was, search approaches very much like this is my insider information - that I add to the process. So it's an abductive process. That's very much here. Some data, here's my experience, here’s other people, and this is what results. So, I think what I produce in terms of the analysis is very much, I am aware, it's my interpretation of the data. For me, trying to, I do try and build rigour into my research. But that tends to be more through transparency. But I also have attention there because the data that I collected audio visuals 360, And I have the participants for me. I've got the duty of care to them, and they do come first as far as I'm concerned. So, when I get the consent from them, and I explained very early on about UK data archives, or Sheffield's, repositories and things like that of what potentially could happen later. So, from that respect, with the, with the audio-visual data, I'm particularly sensitive, how that's getting managed. And I build in checks and measures throughout my research, to say I'm doing this with it. Now, I'm doing this with it now. At what point got to start processing it for the purposes of sort of GDPRr as well, but just, it's just good relationship, really, with the participants - of I am doing this with your audio visual stuff, which by the way is research data, and that does present problems in the sense of people want things up like their faces blurred out which - we're doing this kind of thing - is really not what to say, because I can see the benefits that if I put this in the UKDA and put an embargo on it for 10 or 15 years, that might be useful for somebody in 10-15 years time say, but it's not going to be that useful in the interim, but, so for me, that's [a] particular challenge. And then and then the other side of it is constantly the data that I produced for diagrams and things are using those situated situational analysis tools. The messy mapping, the relational mapping, and the positional maps. I keep those, and because I want to show my workings out to the - partly other researchers. So the idea there, is to deposit all that kind of stuff as well, actually to be open and transparent. So, that's how I'm trying to demonstrate the rigour. But there's that difficulty in, I'm quite happy to give - not give away - but to share my analysis. But what's harder is convincing participants of their higher personal data of their faces, that their actions, and that kind…especially the 360 environment, of having that transferred to a data. However, all the right security, and all the right protections. So yeah, the audio visual bit from these - the challenge as opposed to - you know, producing a transcripts and putting transcripts, it's not being able to access that data that I've collected because I feel I should. It's something that I think would be useful to other researchers. I didn't want that to be open, but comes with that huge tension of - and people's personal data rights. I really think that the general perception of it is that it is a very good thing to encourage, because I think it encourages collaboration and interdisciplinary research as well. and especially this kind of data that connect is, and somebody else could see all the visual data, they can see completely different things in it by the very nature [of] qualitative, I think it's, it, I feel like maybe that's a contribution as well, that if I can put open, then somebody else can use that for their own research and it could spark something new. Whereas, if it's closed, it's just the kind of the traditional - this data will get deleted at the end of the project, or this thing, or will be retained for like a year and then it will be completely destroyed. It's like well, there's a lot of effort that's actually gone into the collection of that, personal preferences aside, and it would just be great that people could actually access that on open. Yeah. Does that answer the question?",P001,Interview -1.txt,P001_E005,"I'm, is that with particularly just the data [that] are generated and analysis. Yeah. It's, I think. To some extent being, yeah, that qualitative research is, it's kind of like it's mine[field] in a way too, I think, and that's So acutely aware, and I put this into all my justifications and everything, and I don't really call it a limitation. I think it's more of a kind of how I sit in the research. So the positionality is a research on very much in that particular research. So that's something that I actually embrace. Whereas I think other paradigms are be get out of there, you should be impartial, you should be away from. This was like what I argue. The philosophy was, search approaches very much like this is my insider information - that I add to the process. So it's an abductive process. That's very much here. Some data, here's my experience, here’s other people, and this is what results. So, I think what I produce in terms of the analysis is very much, I am aware, it's my interpretation of the data. For me, trying to, I do try and build rigour into my research. But that tends to be more through transparency. But I also have attention there because the data that I collected audio visuals 360, And I have the participants for me. I've got the duty of care to them, and they do come first as far as I'm concerned. So, when I get the consent from them, and I explained very early on about UK data archives, or Sheffield's, repositories and things like that of what potentially could happen later. So, from that respect, with the, with the audio-visual data, I'm particularly sensitive, how that's getting managed. And I build in checks and measures throughout my research, to say I'm doing this with it. Now, I'm doing this with it now. At what point got to start processing it for the purposes of sort of GDPRr as well, but just, it's just good relationship, really, with the participants - of I am doing this with your audio visual stuff, which by the way is research data, and that does present problems in the sense of people want things up like their faces blurred out which - we're doing this kind of thing - is really not what to say, because I can see the benefits that if I put this in the UKDA and put an embargo on it for 10 or 15 years, that might be useful for somebody in 10-15 years time say, but it's not going to be that useful in the interim, but, so for me, that's [a] particular challenge. And then and then the other side of it is constantly the data that I produced for diagrams and things are using those situated situational analysis tools. The messy mapping, the relational mapping, and the positional maps. I keep those, and because I want to show my workings out to the - partly other researchers. So the idea there, is to deposit all that kind of stuff as well, actually to be open and transparent. So, that's how I'm trying to demonstrate the rigour. But there's that difficulty in, I'm quite happy to give - not give away - but to share my analysis. But what's harder is convincing participants of their higher personal data of their faces, that their actions, and that kind…especially the 360 environment, of having that transferred to a data. However, all the right security, and all the right protections. So yeah, the audio visual bit from these - the challenge as opposed to - you know, producing a transcripts and putting transcripts, it's not being able to access that data that I've collected because I feel I should. It's something that I think would be useful to other researchers. I didn't want that to be open, but comes with that huge tension of - and people's personal data rights.",,domain:discoverability;issue:discoverability;domain:workflow;issue:workflow;response:positive;response:satisfaction;outcome:abandonment,,pending,
"I'm, is that with particularly just the data [that] are generated and analysis. Yeah. It's, I think. To some extent being, yeah, that qualitative research is, it's kind of like it's mine[field] in a way too, I think, and that's So acutely aware, and I put this into all my justifications and everything, and I don't really call it a limitation. I think it's more of a kind of how I sit in the research. So the positionality is a research on very much in that particular research. So that's something that I actually embrace. Whereas I think other paradigms are be get out of there, you should be impartial, you should be away from. This was like what I argue. The philosophy was, search approaches very much like this is my insider information - that I add to the process. So it's an abductive process. That's very much here. Some data, here's my experience, here’s other people, and this is what results. So, I think what I produce in terms of the analysis is very much, I am aware, it's my interpretation of the data. For me, trying to, I do try and build rigour into my research. But that tends to be more through transparency. But I also have attention there because the data that I collected audio visuals 360, And I have the participants for me. I've got the duty of care to them, and they do come first as far as I'm concerned. So, when I get the consent from them, and I explained very early on about UK data archives, or Sheffield's, repositories and things like that of what potentially could happen later. So, from that respect, with the, with the audio-visual data, I'm particularly sensitive, how that's getting managed. And I build in checks and measures throughout my research, to say I'm doing this with it. Now, I'm doing this with it now. At what point got to start processing it for the purposes of sort of GDPRr as well, but just, it's just good relationship, really, with the participants - of I am doing this with your audio visual stuff, which by the way is research data, and that does present problems in the sense of people want things up like their faces blurred out which - we're doing this kind of thing - is really not what to say, because I can see the benefits that if I put this in the UKDA and put an embargo on it for 10 or 15 years, that might be useful for somebody in 10-15 years time say, but it's not going to be that useful in the interim, but, so for me, that's [a] particular challenge. And then and then the other side of it is constantly the data that I produced for diagrams and things are using those situated situational analysis tools. The messy mapping, the relational mapping, and the positional maps. I keep those, and because I want to show my workings out to the - partly other researchers. So the idea there, is to deposit all that kind of stuff as well, actually to be open and transparent. So, that's how I'm trying to demonstrate the rigour. But there's that difficulty in, I'm quite happy to give - not give away - but to share my analysis. But what's harder is convincing participants of their higher personal data of their faces, that their actions, and that kind…especially the 360 environment, of having that transferred to a data. However, all the right security, and all the right protections. So yeah, the audio visual bit from these - the challenge as opposed to - you know, producing a transcripts and putting transcripts, it's not being able to access that data that I've collected because I feel I should. It's something that I think would be useful to other researchers. I didn't want that to be open, but comes with that huge tension of - and people's personal data rights. I really think that the general perception of it is that it is a very good thing to encourage, because I think it encourages collaboration and interdisciplinary research as well. and especially this kind of data that connect is, and somebody else could see all the visual data, they can see completely different things in it by the very nature [of] qualitative, I think it's, it, I feel like maybe that's a contribution as well, that if I can put open, then somebody else can use that for their own research and it could spark something new. Whereas, if it's closed, it's just the kind of the traditional - this data will get deleted at the end of the project, or this thing, or will be retained for like a year and then it will be completely destroyed. It's like well, there's a lot of effort that's actually gone into the collection of that, personal preferences aside, and it would just be great that people could actually access that on open. Yeah. Does that answer the question? Yeah, I just think it's a very, very hard thing to do, especially when you've got human participants involved and you are using photographs, audio-visual. I think that's, that [is] particularly hard to do. I think it's easier to share transcripts because you interview, transcripts, so saying things that are going on [in] the new environment, you know, somebody points at something, or this, there's something that's happened in, kind of describe it. I think that's fine, again, like my analysis, that's fine. Just just. Yeah, just I can, it's openness and transparency. I think it comes back to that, as, as a researcher to say, This is what I came up with, with the data that I collected. This is how I analyzed it, because I, I do tend to find a lot of papers. And I quite like to see the workings out, that kind of thing, even if I don't agree with how they got there. It's interesting to see how they got there, and that again, could be a new avenue of work, really?",P001,Interview -1.txt,P001_E006,"I really think that the general perception of it is that it is a very good thing to encourage, because I think it encourages collaboration and interdisciplinary research as well. and especially this kind of data that connect is, and somebody else could see all the visual data, they can see completely different things in it by the very nature [of] qualitative, I think it's, it, I feel like maybe that's a contribution as well, that if I can put open, then somebody else can use that for their own research and it could spark something new. Whereas, if it's closed, it's just the kind of the traditional - this data will get deleted at the end of the project, or this thing, or will be retained for like a year and then it will be completely destroyed. It's like well, there's a lot of effort that's actually gone into the collection of that, personal preferences aside, and it would just be great that people could actually access that on open. Yeah. Does that answer the question?",,domain:discoverability;issue:discoverability;domain:workflow;issue:workflow;response:positive;response:satisfaction;outcome:abandonment,,pending,
"I really think that the general perception of it is that it is a very good thing to encourage, because I think it encourages collaboration and interdisciplinary research as well. and especially this kind of data that connect is, and somebody else could see all the visual data, they can see completely different things in it by the very nature [of] qualitative, I think it's, it, I feel like maybe that's a contribution as well, that if I can put open, then somebody else can use that for their own research and it could spark something new. Whereas, if it's closed, it's just the kind of the traditional - this data will get deleted at the end of the project, or this thing, or will be retained for like a year and then it will be completely destroyed. It's like well, there's a lot of effort that's actually gone into the collection of that, personal preferences aside, and it would just be great that people could actually access that on open. Yeah. Does that answer the question? Yeah, I just think it's a very, very hard thing to do, especially when you've got human participants involved and you are using photographs, audio-visual. I think that's, that [is] particularly hard to do. I think it's easier to share transcripts because you interview, transcripts, so saying things that are going on [in] the new environment, you know, somebody points at something, or this, there's something that's happened in, kind of describe it. I think that's fine, again, like my analysis, that's fine. Just just. Yeah, just I can, it's openness and transparency. I think it comes back to that, as, as a researcher to say, This is what I came up with, with the data that I collected. This is how I analyzed it, because I, I do tend to find a lot of papers. And I quite like to see the workings out, that kind of thing, even if I don't agree with how they got there. It's interesting to see how they got there, and that again, could be a new avenue of work, really? It'd be interested to see people who are claiming to use the same methodologies. How they get there, how they get to those results. That's very much…",P001,Interview -1.txt,P001_E007,"Yeah, I just think it's a very, very hard thing to do, especially when you've got human participants involved and you are using photographs, audio-visual. I think that's, that [is] particularly hard to do. I think it's easier to share transcripts because you interview, transcripts, so saying things that are going on [in] the new environment, you know, somebody points at something, or this, there's something that's happened in, kind of describe it. I think that's fine, again, like my analysis, that's fine. Just just. Yeah, just I can, it's openness and transparency. I think it comes back to that, as, as a researcher to say, This is what I came up with, with the data that I collected. This is how I analyzed it, because I, I do tend to find a lot of papers. And I quite like to see the workings out, that kind of thing, even if I don't agree with how they got there. It's interesting to see how they got there, and that again, could be a new avenue of work, really?",,domain:discoverability;issue:discoverability;domain:workflow;response:neutral;response:satisfaction;outcome:abandonment,,pending,
"Yeah, I just think it's a very, very hard thing to do, especially when you've got human participants involved and you are using photographs, audio-visual. I think that's, that [is] particularly hard to do. I think it's easier to share transcripts because you interview, transcripts, so saying things that are going on [in] the new environment, you know, somebody points at something, or this, there's something that's happened in, kind of describe it. I think that's fine, again, like my analysis, that's fine. Just just. Yeah, just I can, it's openness and transparency. I think it comes back to that, as, as a researcher to say, This is what I came up with, with the data that I collected. This is how I analyzed it, because I, I do tend to find a lot of papers. And I quite like to see the workings out, that kind of thing, even if I don't agree with how they got there. It's interesting to see how they got there, and that again, could be a new avenue of work, really? It'd be interested to see people who are claiming to use the same methodologies. How they get there, how they get to those results. That's very much… …how we differ from, what my perception of, how we differ from quantitative stuff. Done that idea of reproducibility, of, I, I'm, I [am] firmly aware that somebody would interpret the data that I collected completely, and come up with different, for want of a better word, results.",P001,Interview -1.txt,P001_E008,"It'd be interested to see people who are claiming to use the same methodologies. How they get there, how they get to those results. That's very much…",,domain:discoverability;issue:discoverability;domain:workflow;response:neutral;outcome:abandonment,,pending,
"It'd be interested to see people who are claiming to use the same methodologies. How they get there, how they get to those results. That's very much… …how we differ from, what my perception of, how we differ from quantitative stuff. Done that idea of reproducibility, of, I, I'm, I [am] firmly aware that somebody would interpret the data that I collected completely, and come up with different, for want of a better word, results. …but it's not really my research, which way.",P001,Interview -1.txt,P001_E009,"…how we differ from, what my perception of, how we differ from quantitative stuff. Done that idea of reproducibility, of, I, I'm, I [am] firmly aware that somebody would interpret the data that I collected completely, and come up with different, for want of a better word, results.",,domain:workflow;response:neutral,,pending,
"…how we differ from, what my perception of, how we differ from quantitative stuff. Done that idea of reproducibility, of, I, I'm, I [am] firmly aware that somebody would interpret the data that I collected completely, and come up with different, for want of a better word, results. …but it's not really my research, which way. But yeah, open it all up is where possible, Where legal, where ethical Yeah.",P001,Interview -1.txt,P001_E010,"…but it's not really my research, which way.",,domain:workflow;response:neutral,,pending,
"…but it's not really my research, which way. But yeah, open it all up is where possible, Where legal, where ethical Yeah. Okay, yes, definitely. The first one I have thoughts about, which is a respective participant’s right to anonymity, or respecting the basis of consent of which you've collected data from them. I think. That's a particular barrier with audio data. Sorry, are really reiterate, that one - and I think another one is, well, is, I think it might come more for me, but it's kind of having that confidence of asking the right questions to the right people. So it's there is a there is a bit of a barrier in who do I go to? So I know you should go to the university library, go and talk to the RDM, to the research data management people, but it's a bit like, where do I even start? I think the same applies to UKDA as well, because they, I mean, they've got a fantastic website of how to deposit things, but then there's that question of money, of the funding that's needed to deposit it. So, if you do need to put it in U DA, which is attractive me - because as a security, audio-visual stuff - and it's just, it's just trying to find that part of money to do that, yeah, to do that for me. And I don't really want to delete the data, but then, you know, that's what I told the participants I would do - if that's what they, that's they’ve signed for. So, but I think a way around that particular barrier is that, it's the, sort your participant information for consent mechanisms out really early on, and have that working relationship with the participant all the way through with what you're doing. So, when it comes to UKDA or ORDA or, you know, deposited it with, yeah, that's fine. So it's all my data management plan. So, Yeah.",P001,Interview -1.txt,P001_E011,"But yeah, open it all up is where possible, Where legal, where ethical Yeah.",,domain:discoverability;issue:discoverability;domain:navigation;issue:navigation;response:neutral,,pending,
"But yeah, open it all up is where possible, Where legal, where ethical Yeah. Okay, yes, definitely. The first one I have thoughts about, which is a respective participant’s right to anonymity, or respecting the basis of consent of which you've collected data from them. I think. That's a particular barrier with audio data. Sorry, are really reiterate, that one - and I think another one is, well, is, I think it might come more for me, but it's kind of having that confidence of asking the right questions to the right people. So it's there is a there is a bit of a barrier in who do I go to? So I know you should go to the university library, go and talk to the RDM, to the research data management people, but it's a bit like, where do I even start? I think the same applies to UKDA as well, because they, I mean, they've got a fantastic website of how to deposit things, but then there's that question of money, of the funding that's needed to deposit it. So, if you do need to put it in U DA, which is attractive me - because as a security, audio-visual stuff - and it's just, it's just trying to find that part of money to do that, yeah, to do that for me. And I don't really want to delete the data, but then, you know, that's what I told the participants I would do - if that's what they, that's they’ve signed for. So, but I think a way around that particular barrier is that, it's the, sort your participant information for consent mechanisms out really early on, and have that working relationship with the participant all the way through with what you're doing. So, when it comes to UKDA or ORDA or, you know, deposited it with, yeah, that's fine. So it's all my data management plan. So, Yeah. What? You clarify it - an enabling factor - for me, please?",P001,Interview -1.txt,P001_E012,"Okay, yes, definitely. The first one I have thoughts about, which is a respective participant’s right to anonymity, or respecting the basis of consent of which you've collected data from them. I think. That's a particular barrier with audio data. Sorry, are really reiterate, that one - and I think another one is, well, is, I think it might come more for me, but it's kind of having that confidence of asking the right questions to the right people. So it's there is a there is a bit of a barrier in who do I go to? So I know you should go to the university library, go and talk to the RDM, to the research data management people, but it's a bit like, where do I even start? I think the same applies to UKDA as well, because they, I mean, they've got a fantastic website of how to deposit things, but then there's that question of money, of the funding that's needed to deposit it. So, if you do need to put it in U DA, which is attractive me - because as a security, audio-visual stuff - and it's just, it's just trying to find that part of money to do that, yeah, to do that for me. And I don't really want to delete the data, but then, you know, that's what I told the participants I would do - if that's what they, that's they’ve signed for. So, but I think a way around that particular barrier is that, it's the, sort your participant information for consent mechanisms out really early on, and have that working relationship with the participant all the way through with what you're doing. So, when it comes to UKDA or ORDA or, you know, deposited it with, yeah, that's fine. So it's all my data management plan. So, Yeah.",,domain:discoverability;issue:discoverability;domain:navigation;issue:navigation;response:neutral,,pending,
"Okay, yes, definitely. The first one I have thoughts about, which is a respective participant’s right to anonymity, or respecting the basis of consent of which you've collected data from them. I think. That's a particular barrier with audio data. Sorry, are really reiterate, that one - and I think another one is, well, is, I think it might come more for me, but it's kind of having that confidence of asking the right questions to the right people. So it's there is a there is a bit of a barrier in who do I go to? So I know you should go to the university library, go and talk to the RDM, to the research data management people, but it's a bit like, where do I even start? I think the same applies to UKDA as well, because they, I mean, they've got a fantastic website of how to deposit things, but then there's that question of money, of the funding that's needed to deposit it. So, if you do need to put it in U DA, which is attractive me - because as a security, audio-visual stuff - and it's just, it's just trying to find that part of money to do that, yeah, to do that for me. And I don't really want to delete the data, but then, you know, that's what I told the participants I would do - if that's what they, that's they’ve signed for. So, but I think a way around that particular barrier is that, it's the, sort your participant information for consent mechanisms out really early on, and have that working relationship with the participant all the way through with what you're doing. So, when it comes to UKDA or ORDA or, you know, deposited it with, yeah, that's fine. So it's all my data management plan. So, Yeah. What? You clarify it - an enabling factor - for me, please? Yes. Okay. So it's Yeah, I definitely think, if that's on a research grant, or an application, is that what I've got to do it? I don't always think that's the right spirit of doing, that's my personal take. I think this. I think if you're gonna foster open research culture, especially in qualitative research, that's a culture change. That's, yes, it can come about by a funder going “You have to do this”, but then that, I'm a bit more, you know, it's a bit more sort of regulatory, like I have to do it because otherwise, I'm not going to get from them. Whereas, if you, if there is a bigger open research culture is actually fostered, then there's going to be less resistance to it because that's what we should be doing anyway, so I'm fully, fully endorse that open research like culture anyway, so you've probably pushing on [an] open door with me in that respect. But I can see pockets. I can see the pockets of resistance, and I think for some people that will get them to do it, if it's Ii the grant or in the application, like have you thought about what you're going to do [with] your data? Beyond that, and can't really think of any, yeah, any other enabling factors? I mean. To me it kind of spreads like a network. So if you've got some, like, like a data champion or open research data champion network, and you've embedded those in the department, I mean that's one way that you can encourage that culture through best practice. Just, you know, remind people when you're in a research group meeting, or even doing that, we'll talk about it, and it's like, you know, it's like “Oh well, they're doing it”. That's the person I need to go to, and then that kind of fosters that openness of good practice. See that, that would be one way of enabling people to, or even just understand what it is.",P001,Interview -1.txt,P001_E013,"What? You clarify it - an enabling factor - for me, please?",,domain:discoverability;issue:discoverability;domain:navigation;issue:navigation;response:positive,,pending,
"What? You clarify it - an enabling factor - for me, please? Yes. Okay. So it's Yeah, I definitely think, if that's on a research grant, or an application, is that what I've got to do it? I don't always think that's the right spirit of doing, that's my personal take. I think this. I think if you're gonna foster open research culture, especially in qualitative research, that's a culture change. That's, yes, it can come about by a funder going “You have to do this”, but then that, I'm a bit more, you know, it's a bit more sort of regulatory, like I have to do it because otherwise, I'm not going to get from them. Whereas, if you, if there is a bigger open research culture is actually fostered, then there's going to be less resistance to it because that's what we should be doing anyway, so I'm fully, fully endorse that open research like culture anyway, so you've probably pushing on [an] open door with me in that respect. But I can see pockets. I can see the pockets of resistance, and I think for some people that will get them to do it, if it's Ii the grant or in the application, like have you thought about what you're going to do [with] your data? Beyond that, and can't really think of any, yeah, any other enabling factors? I mean. To me it kind of spreads like a network. So if you've got some, like, like a data champion or open research data champion network, and you've embedded those in the department, I mean that's one way that you can encourage that culture through best practice. Just, you know, remind people when you're in a research group meeting, or even doing that, we'll talk about it, and it's like, you know, it's like “Oh well, they're doing it”. That's the person I need to go to, and then that kind of fosters that openness of good practice. See that, that would be one way of enabling people to, or even just understand what it is. Yes. Yes. That's just keep that message going, you know, just especially in qualitative research, I think, okay, but I just feel - as a qualitative one - as an early career researcher, qualitative researcher - you feel the need to have to keep proving yourself a bit. And, you know, it's that, I do have that kind of feeling where I was. Well, there's like data science goes off, and maths and stuff, and I like, it's quite kind of, yeah, you know, looks like experiments all that kind of thing. But it's more trying to understand. It was interpret things, I just feel enough to keep justifying myself a bit more and really over-emphasizing how I got to the final guided, but yeah.",P001,Interview -1.txt,P001_E014,"Yes. Okay. So it's Yeah, I definitely think, if that's on a research grant, or an application, is that what I've got to do it? I don't always think that's the right spirit of doing, that's my personal take. I think this. I think if you're gonna foster open research culture, especially in qualitative research, that's a culture change. That's, yes, it can come about by a funder going “You have to do this”, but then that, I'm a bit more, you know, it's a bit more sort of regulatory, like I have to do it because otherwise, I'm not going to get from them. Whereas, if you, if there is a bigger open research culture is actually fostered, then there's going to be less resistance to it because that's what we should be doing anyway, so I'm fully, fully endorse that open research like culture anyway, so you've probably pushing on [an] open door with me in that respect. But I can see pockets. I can see the pockets of resistance, and I think for some people that will get them to do it, if it's Ii the grant or in the application, like have you thought about what you're going to do [with] your data? Beyond that, and can't really think of any, yeah, any other enabling factors? I mean. To me it kind of spreads like a network. So if you've got some, like, like a data champion or open research data champion network, and you've embedded those in the department, I mean that's one way that you can encourage that culture through best practice. Just, you know, remind people when you're in a research group meeting, or even doing that, we'll talk about it, and it's like, you know, it's like “Oh well, they're doing it”. That's the person I need to go to, and then that kind of fosters that openness of good practice. See that, that would be one way of enabling people to, or even just understand what it is.",,response:positive;outcome:abandonment,,pending,
"Yes. Okay. So it's Yeah, I definitely think, if that's on a research grant, or an application, is that what I've got to do it? I don't always think that's the right spirit of doing, that's my personal take. I think this. I think if you're gonna foster open research culture, especially in qualitative research, that's a culture change. That's, yes, it can come about by a funder going “You have to do this”, but then that, I'm a bit more, you know, it's a bit more sort of regulatory, like I have to do it because otherwise, I'm not going to get from them. Whereas, if you, if there is a bigger open research culture is actually fostered, then there's going to be less resistance to it because that's what we should be doing anyway, so I'm fully, fully endorse that open research like culture anyway, so you've probably pushing on [an] open door with me in that respect. But I can see pockets. I can see the pockets of resistance, and I think for some people that will get them to do it, if it's Ii the grant or in the application, like have you thought about what you're going to do [with] your data? Beyond that, and can't really think of any, yeah, any other enabling factors? I mean. To me it kind of spreads like a network. So if you've got some, like, like a data champion or open research data champion network, and you've embedded those in the department, I mean that's one way that you can encourage that culture through best practice. Just, you know, remind people when you're in a research group meeting, or even doing that, we'll talk about it, and it's like, you know, it's like “Oh well, they're doing it”. That's the person I need to go to, and then that kind of fosters that openness of good practice. See that, that would be one way of enabling people to, or even just understand what it is. Yes. Yes. That's just keep that message going, you know, just especially in qualitative research, I think, okay, but I just feel - as a qualitative one - as an early career researcher, qualitative researcher - you feel the need to have to keep proving yourself a bit. And, you know, it's that, I do have that kind of feeling where I was. Well, there's like data science goes off, and maths and stuff, and I like, it's quite kind of, yeah, you know, looks like experiments all that kind of thing. But it's more trying to understand. It was interpret things, I just feel enough to keep justifying myself a bit more and really over-emphasizing how I got to the final guided, but yeah. Sure. So, I just and, [in] my particular sort of instance, I am quite keen on explaining to the participants exactly what I'm doing with the data flow now, because I'm in the [DEPARTMENT REDACTED], I guess I've got a little bit. Yeah, that's something that's quite important to me anyway but it is to show to the participants precisely what it is we do with it. Again it comes up, the transparency, so to supplement like participant information form and [consent] form. I've actually got is, I use a series of, like, not cartoons, but like pictures, step by step pictures. Really force where the data goes, what happens to it, like decision points and things like that. Just to make it really, really clear. So obviously, I don't know what other researchers do, but I spend probably disproportionate amount of time with my participants, explaining things early on, so later on there isn't those retrospective points where you have to then go back to them. I really want to do this with the data. By the way, I want to put it in here. I want to put it in this repository, it's, it's their start and then they're just reminded every time we contact them, and every, that I want to yeah, use their data for certain things and what's going to do so yeah. More time at the start of them, that's the biggest ethics thing I do and of course that gets written into the ethics applications as well.",P001,Interview -1.txt,P001_E015,"Yes. Yes. That's just keep that message going, you know, just especially in qualitative research, I think, okay, but I just feel - as a qualitative one - as an early career researcher, qualitative researcher - you feel the need to have to keep proving yourself a bit. And, you know, it's that, I do have that kind of feeling where I was. Well, there's like data science goes off, and maths and stuff, and I like, it's quite kind of, yeah, you know, looks like experiments all that kind of thing. But it's more trying to understand. It was interpret things, I just feel enough to keep justifying myself a bit more and really over-emphasizing how I got to the final guided, but yeah.",,response:positive;outcome:abandonment,,pending,
"Yes. Yes. That's just keep that message going, you know, just especially in qualitative research, I think, okay, but I just feel - as a qualitative one - as an early career researcher, qualitative researcher - you feel the need to have to keep proving yourself a bit. And, you know, it's that, I do have that kind of feeling where I was. Well, there's like data science goes off, and maths and stuff, and I like, it's quite kind of, yeah, you know, looks like experiments all that kind of thing. But it's more trying to understand. It was interpret things, I just feel enough to keep justifying myself a bit more and really over-emphasizing how I got to the final guided, but yeah. Sure. So, I just and, [in] my particular sort of instance, I am quite keen on explaining to the participants exactly what I'm doing with the data flow now, because I'm in the [DEPARTMENT REDACTED], I guess I've got a little bit. Yeah, that's something that's quite important to me anyway but it is to show to the participants precisely what it is we do with it. Again it comes up, the transparency, so to supplement like participant information form and [consent] form. I've actually got is, I use a series of, like, not cartoons, but like pictures, step by step pictures. Really force where the data goes, what happens to it, like decision points and things like that. Just to make it really, really clear. So obviously, I don't know what other researchers do, but I spend probably disproportionate amount of time with my participants, explaining things early on, so later on there isn't those retrospective points where you have to then go back to them. I really want to do this with the data. By the way, I want to put it in here. I want to put it in this repository, it's, it's their start and then they're just reminded every time we contact them, and every, that I want to yeah, use their data for certain things and what's going to do so yeah. More time at the start of them, that's the biggest ethics thing I do and of course that gets written into the ethics applications as well. …of data security, as well as the safety of the participants and that kind of thing. Which is, it says…",P001,Interview -1.txt,P001_E016,"Sure. So, I just and, [in] my particular sort of instance, I am quite keen on explaining to the participants exactly what I'm doing with the data flow now, because I'm in the [DEPARTMENT REDACTED], I guess I've got a little bit. Yeah, that's something that's quite important to me anyway but it is to show to the participants precisely what it is we do with it. Again it comes up, the transparency, so to supplement like participant information form and [consent] form. I've actually got is, I use a series of, like, not cartoons, but like pictures, step by step pictures. Really force where the data goes, what happens to it, like decision points and things like that. Just to make it really, really clear. So obviously, I don't know what other researchers do, but I spend probably disproportionate amount of time with my participants, explaining things early on, so later on there isn't those retrospective points where you have to then go back to them. I really want to do this with the data. By the way, I want to put it in here. I want to put it in this repository, it's, it's their start and then they're just reminded every time we contact them, and every, that I want to yeah, use their data for certain things and what's going to do so yeah. More time at the start of them, that's the biggest ethics thing I do and of course that gets written into the ethics applications as well.",,response:positive;outcome:abandonment,,pending,
"Sure. So, I just and, [in] my particular sort of instance, I am quite keen on explaining to the participants exactly what I'm doing with the data flow now, because I'm in the [DEPARTMENT REDACTED], I guess I've got a little bit. Yeah, that's something that's quite important to me anyway but it is to show to the participants precisely what it is we do with it. Again it comes up, the transparency, so to supplement like participant information form and [consent] form. I've actually got is, I use a series of, like, not cartoons, but like pictures, step by step pictures. Really force where the data goes, what happens to it, like decision points and things like that. Just to make it really, really clear. So obviously, I don't know what other researchers do, but I spend probably disproportionate amount of time with my participants, explaining things early on, so later on there isn't those retrospective points where you have to then go back to them. I really want to do this with the data. By the way, I want to put it in here. I want to put it in this repository, it's, it's their start and then they're just reminded every time we contact them, and every, that I want to yeah, use their data for certain things and what's going to do so yeah. More time at the start of them, that's the biggest ethics thing I do and of course that gets written into the ethics applications as well. …of data security, as well as the safety of the participants and that kind of thing. Which is, it says… …yeah, a lot of planning up from, which is fine because then you get, I find I think that also helps fostering a good relationship with the participants as well. So you get, they get a good experience and research experiences at work, and then you've just got better cooperation to do things with, because everything's, everything, everything's, so you just try and make that as easy as possible, really? I try to.",P001,Interview -1.txt,P001_E017,"…of data security, as well as the safety of the participants and that kind of thing. Which is, it says…",,domain:discoverability;issue:discoverability;response:positive;outcome:abandonment,,pending,
"…of data security, as well as the safety of the participants and that kind of thing. Which is, it says… …yeah, a lot of planning up from, which is fine because then you get, I find I think that also helps fostering a good relationship with the participants as well. So you get, they get a good experience and research experiences at work, and then you've just got better cooperation to do things with, because everything's, everything, everything's, so you just try and make that as easy as possible, really? I try to. Thanks. I, I give them, like, a menu as well. Like, I give them some three options and it's quite clear like total amount. Anonymity, you know, it's completely up to them how they want it done, then I give them the completely open option, and I explained that, and then what I tend to find happens is they meet in the middle, so I call it tailored. So you've got closed open, and then a constructive discussion with the participant - and what they would be happy with. So then you, then I record that as well, and I've got a record of that. That's all ‘Participant. D doesn't want that. Participant A is happy for everything to be completely’, so you know who you're working with and what? Yeah, I do that as well.",P001,Interview -1.txt,P001_E018,"…yeah, a lot of planning up from, which is fine because then you get, I find I think that also helps fostering a good relationship with the participants as well. So you get, they get a good experience and research experiences at work, and then you've just got better cooperation to do things with, because everything's, everything, everything's, so you just try and make that as easy as possible, really? I try to.",,domain:discoverability;issue:discoverability;domain:navigation;issue:navigation;domain:workflow;response:positive;response:satisfaction;outcome:abandonment,,pending,
"…yeah, a lot of planning up from, which is fine because then you get, I find I think that also helps fostering a good relationship with the participants as well. So you get, they get a good experience and research experiences at work, and then you've just got better cooperation to do things with, because everything's, everything, everything's, so you just try and make that as easy as possible, really? I try to. Thanks. I, I give them, like, a menu as well. Like, I give them some three options and it's quite clear like total amount. Anonymity, you know, it's completely up to them how they want it done, then I give them the completely open option, and I explained that, and then what I tend to find happens is they meet in the middle, so I call it tailored. So you've got closed open, and then a constructive discussion with the participant - and what they would be happy with. So then you, then I record that as well, and I've got a record of that. That's all ‘Participant. D doesn't want that. Participant A is happy for everything to be completely’, so you know who you're working with and what? Yeah, I do that as well. Then, because I use them in my thesis, they're in the they're in my thesis. So got my thesis link, they're in appendix like. One, two, something like that. So they, they're there to save. I haven't really made your way beyond that, really, but if it's, if it's seen as, like, good practice and, we'll help make data a lot more open in qualitative Work, then yeah, happy to share that.",P001,Interview -1.txt,P001_E019,"Thanks. I, I give them, like, a menu as well. Like, I give them some three options and it's quite clear like total amount. Anonymity, you know, it's completely up to them how they want it done, then I give them the completely open option, and I explained that, and then what I tend to find happens is they meet in the middle, so I call it tailored. So you've got closed open, and then a constructive discussion with the participant - and what they would be happy with. So then you, then I record that as well, and I've got a record of that. That's all ‘Participant. D doesn't want that. Participant A is happy for everything to be completely’, so you know who you're working with and what? Yeah, I do that as well.",,domain:discoverability;issue:discoverability;domain:navigation;issue:navigation;domain:workflow;response:positive;response:satisfaction;outcome:abandonment,,pending,
"Thanks. I, I give them, like, a menu as well. Like, I give them some three options and it's quite clear like total amount. Anonymity, you know, it's completely up to them how they want it done, then I give them the completely open option, and I explained that, and then what I tend to find happens is they meet in the middle, so I call it tailored. So you've got closed open, and then a constructive discussion with the participant - and what they would be happy with. So then you, then I record that as well, and I've got a record of that. That's all ‘Participant. D doesn't want that. Participant A is happy for everything to be completely’, so you know who you're working with and what? Yeah, I do that as well. Then, because I use them in my thesis, they're in the they're in my thesis. So got my thesis link, they're in appendix like. One, two, something like that. So they, they're there to save. I haven't really made your way beyond that, really, but if it's, if it's seen as, like, good practice and, we'll help make data a lot more open in qualitative Work, then yeah, happy to share that. I think I, probably because I've sort of worked for about, but before I did my PhD here to work careers, I was like information management. So I did a lot of work around, as it was data protection and now GDPR. So, I come to research having that knowledge of how data protection works, and what you can do, and how you can collect things. So, [I] haven't written FAIR polices and privacy, notices, and things like that. I just, I just put that into my research ethics of how to leave, how to ethically sort of get data in that way. So yeah, I can see the attraction on closing it, although. Yeah. Yeah, it depends what again, also depends on your topic. So if, you, highly sensitive, then you wouldn't want their data, right? But in that case, I would seek, I would try and seek some kind of alternative of working from the position of closed. I work from [a] position of everything's open then kind of get negotiated down because it's not in my gift to tell the participant “this should be open”. That's up to them. But if you start from the position of closed, you can't really move. So that, they'll just go or close it. Yeah. I'm trying, I think I think it's entirely compatible. But because, so situational analysis space, yeah, it's based on sort of [THEORIST REDACTED], so it's poststructural anyway, and then the extra stuff that I do is like new materialism as well, so it's all very much, it's all a bit messy, anyway. But I just, I sort of taking, so I, I use [APPOACH REDACTED] so, everything's kind of, bits of entities and that kind of thing, is how everything fits and relates together. So, it's, to me, is that - if you push that data open, somebody else can join in, you know, take those bits of data that you've collected, and they can then move that into a different direction, and create something else. So it's that idea of reuse. Using that data. So for me, that entirely fits my research philosophy, that I believe really, and so it's kind of more the barrier - and just keep building on it and that kind of thing. So I'm very much into relational complexities of things and how everything fits. Although my research is quite small picture, it just tries to develop into a bigger picture, a bigger picture, a bigger picture. So the more people that are coming in later can add to that, kind of thing. Yeah. It's quite nice. It's quite nice, open, flexible, really. So that's",P001,Interview -1.txt,P001_E020,"Then, because I use them in my thesis, they're in the they're in my thesis. So got my thesis link, they're in appendix like. One, two, something like that. So they, they're there to save. I haven't really made your way beyond that, really, but if it's, if it's seen as, like, good practice and, we'll help make data a lot more open in qualitative Work, then yeah, happy to share that.",,domain:discoverability;issue:discoverability;domain:navigation;issue:navigation;domain:workflow;response:positive;response:satisfaction;outcome:abandonment,,pending,
"Then, because I use them in my thesis, they're in the they're in my thesis. So got my thesis link, they're in appendix like. One, two, something like that. So they, they're there to save. I haven't really made your way beyond that, really, but if it's, if it's seen as, like, good practice and, we'll help make data a lot more open in qualitative Work, then yeah, happy to share that. I think I, probably because I've sort of worked for about, but before I did my PhD here to work careers, I was like information management. So I did a lot of work around, as it was data protection and now GDPR. So, I come to research having that knowledge of how data protection works, and what you can do, and how you can collect things. So, [I] haven't written FAIR polices and privacy, notices, and things like that. I just, I just put that into my research ethics of how to leave, how to ethically sort of get data in that way. So yeah, I can see the attraction on closing it, although. Yeah. Yeah, it depends what again, also depends on your topic. So if, you, highly sensitive, then you wouldn't want their data, right? But in that case, I would seek, I would try and seek some kind of alternative of working from the position of closed. I work from [a] position of everything's open then kind of get negotiated down because it's not in my gift to tell the participant “this should be open”. That's up to them. But if you start from the position of closed, you can't really move. So that, they'll just go or close it. Yeah. I'm trying, I think I think it's entirely compatible. But because, so situational analysis space, yeah, it's based on sort of [THEORIST REDACTED], so it's poststructural anyway, and then the extra stuff that I do is like new materialism as well, so it's all very much, it's all a bit messy, anyway. But I just, I sort of taking, so I, I use [APPOACH REDACTED] so, everything's kind of, bits of entities and that kind of thing, is how everything fits and relates together. So, it's, to me, is that - if you push that data open, somebody else can join in, you know, take those bits of data that you've collected, and they can then move that into a different direction, and create something else. So it's that idea of reuse. Using that data. So for me, that entirely fits my research philosophy, that I believe really, and so it's kind of more the barrier - and just keep building on it and that kind of thing. So I'm very much into relational complexities of things and how everything fits. Although my research is quite small picture, it just tries to develop into a bigger picture, a bigger picture, a bigger picture. So the more people that are coming in later can add to that, kind of thing. Yeah. It's quite nice. It's quite nice, open, flexible, really. So that's …Yeah, there's no, there's no one way of seeing.",P001,Interview -1.txt,P001_E021,"I think I, probably because I've sort of worked for about, but before I did my PhD here to work careers, I was like information management. So I did a lot of work around, as it was data protection and now GDPR. So, I come to research having that knowledge of how data protection works, and what you can do, and how you can collect things. So, [I] haven't written FAIR polices and privacy, notices, and things like that. I just, I just put that into my research ethics of how to leave, how to ethically sort of get data in that way. So yeah, I can see the attraction on closing it, although. Yeah. Yeah, it depends what again, also depends on your topic. So if, you, highly sensitive, then you wouldn't want their data, right? But in that case, I would seek, I would try and seek some kind of alternative of working from the position of closed. I work from [a] position of everything's open then kind of get negotiated down because it's not in my gift to tell the participant “this should be open”. That's up to them. But if you start from the position of closed, you can't really move. So that, they'll just go or close it. Yeah. I'm trying, I think I think it's entirely compatible. But because, so situational analysis space, yeah, it's based on sort of [THEORIST REDACTED], so it's poststructural anyway, and then the extra stuff that I do is like new materialism as well, so it's all very much, it's all a bit messy, anyway. But I just, I sort of taking, so I, I use [APPOACH REDACTED] so, everything's kind of, bits of entities and that kind of thing, is how everything fits and relates together. So, it's, to me, is that - if you push that data open, somebody else can join in, you know, take those bits of data that you've collected, and they can then move that into a different direction, and create something else. So it's that idea of reuse. Using that data. So for me, that entirely fits my research philosophy, that I believe really, and so it's kind of more the barrier - and just keep building on it and that kind of thing. So I'm very much into relational complexities of things and how everything fits. Although my research is quite small picture, it just tries to develop into a bigger picture, a bigger picture, a bigger picture. So the more people that are coming in later can add to that, kind of thing. Yeah. It's quite nice. It's quite nice, open, flexible, really. So that's",,response:neutral;response:satisfaction;outcome:abandonment,,pending,
"I think I, probably because I've sort of worked for about, but before I did my PhD here to work careers, I was like information management. So I did a lot of work around, as it was data protection and now GDPR. So, I come to research having that knowledge of how data protection works, and what you can do, and how you can collect things. So, [I] haven't written FAIR polices and privacy, notices, and things like that. I just, I just put that into my research ethics of how to leave, how to ethically sort of get data in that way. So yeah, I can see the attraction on closing it, although. Yeah. Yeah, it depends what again, also depends on your topic. So if, you, highly sensitive, then you wouldn't want their data, right? But in that case, I would seek, I would try and seek some kind of alternative of working from the position of closed. I work from [a] position of everything's open then kind of get negotiated down because it's not in my gift to tell the participant “this should be open”. That's up to them. But if you start from the position of closed, you can't really move. So that, they'll just go or close it. Yeah. I'm trying, I think I think it's entirely compatible. But because, so situational analysis space, yeah, it's based on sort of [THEORIST REDACTED], so it's poststructural anyway, and then the extra stuff that I do is like new materialism as well, so it's all very much, it's all a bit messy, anyway. But I just, I sort of taking, so I, I use [APPOACH REDACTED] so, everything's kind of, bits of entities and that kind of thing, is how everything fits and relates together. So, it's, to me, is that - if you push that data open, somebody else can join in, you know, take those bits of data that you've collected, and they can then move that into a different direction, and create something else. So it's that idea of reuse. Using that data. So for me, that entirely fits my research philosophy, that I believe really, and so it's kind of more the barrier - and just keep building on it and that kind of thing. So I'm very much into relational complexities of things and how everything fits. Although my research is quite small picture, it just tries to develop into a bigger picture, a bigger picture, a bigger picture. So the more people that are coming in later can add to that, kind of thing. Yeah. It's quite nice. It's quite nice, open, flexible, really. So that's …Yeah, there's no, there's no one way of seeing. …so, depending upon the participants, and highly likely, yes.",P001,Interview -1.txt,P001_E022,"…Yeah, there's no, there's no one way of seeing.",,response:neutral;outcome:abandonment,,pending,
"…Yeah, there's no, there's no one way of seeing. …so, depending upon the participants, and highly likely, yes. Yeah, participant, legal constraints really? Money.",P001,Interview -1.txt,P001_E023,"…so, depending upon the participants, and highly likely, yes.",,response:neutral,,pending,
"…so, depending upon the participants, and highly likely, yes. Yeah, participant, legal constraints really? Money. So, there are three things, I think that would limit that activity. But the intent for me as a researcher, certainly that, yeah.",P001,Interview -1.txt,P001_E024,"Yeah, participant, legal constraints really? Money.",,response:neutral,,pending,
"Yeah, participant, legal constraints really? Money. So, there are three things, I think that would limit that activity. But the intent for me as a researcher, certainly that, yeah. Absolutely, if I hold it. Yeah. Obviously, it depends what I'm doing and that kind of thing. And I would caveat that as well, with, so like the trust in the repository as well. So, in the repository that I'm actually set from, so for example, I'll be a lot less likely to use something like Internet Archive, if you put data all there, if it's just before this UKDA, or institutional repository of data sets, that, yes certainly, yeah…",P001,Interview -1.txt,P001_E025,"So, there are three things, I think that would limit that activity. But the intent for me as a researcher, certainly that, yeah.",,response:neutral,,pending,
"So, there are three things, I think that would limit that activity. But the intent for me as a researcher, certainly that, yeah. Absolutely, if I hold it. Yeah. Obviously, it depends what I'm doing and that kind of thing. And I would caveat that as well, with, so like the trust in the repository as well. So, in the repository that I'm actually set from, so for example, I'll be a lot less likely to use something like Internet Archive, if you put data all there, if it's just before this UKDA, or institutional repository of data sets, that, yes certainly, yeah… …so there's that data quality issue there I think. But yeah…",P001,Interview -1.txt,P001_E026,"Absolutely, if I hold it. Yeah. Obviously, it depends what I'm doing and that kind of thing. And I would caveat that as well, with, so like the trust in the repository as well. So, in the repository that I'm actually set from, so for example, I'll be a lot less likely to use something like Internet Archive, if you put data all there, if it's just before this UKDA, or institutional repository of data sets, that, yes certainly, yeah…",,response:neutral,,pending,
"Absolutely, if I hold it. Yeah. Obviously, it depends what I'm doing and that kind of thing. And I would caveat that as well, with, so like the trust in the repository as well. So, in the repository that I'm actually set from, so for example, I'll be a lot less likely to use something like Internet Archive, if you put data all there, if it's just before this UKDA, or institutional repository of data sets, that, yes certainly, yeah… …so there's that data quality issue there I think. But yeah… …definitely. More than happy to use it.",P001,Interview -1.txt,P001_E027,…so there's that data quality issue there I think. But yeah…,,response:neutral;response:satisfaction,,pending,
"…so there's that data quality issue there I think. But yeah… …definitely. More than happy to use it. Yeah, as I was, I'm aware the [research support] they do, what they provide enough, I've been in touch with other than that, kind of guidance. So I know they have their own guidance on Web pages and things but I just like to get in touch with the actual people, and beyond that there is the UK data archive, for a lot of guidance on what to do. So I spent quite a bit of time in there, just understanding what I can do within limits, that kind of thing. I know they're not entirely open, because you need a password to start. To me, that gives the data a bit of reassurance that not everybody's looking at it. It's kind of being used in that, so, it's [a] bit of attention, really, because, like stuff just being open. but, as a resource, where you've got that piece of mind that your date is going there, and will be, you know, all the relevant descriptive, metadata will go on there and that at least can be found. I'm thinking more about my audio-visual stuff at the moment. What participant hasn't asked to be masked as it were? And there's stuff like transcripts, and that - that can just go straight out in the ether or wherever.",P001,Interview -1.txt,P001_E028,…definitely. More than happy to use it.,,domain:discoverability;response:neutral;response:satisfaction;outcome:abandonment,,pending,
"…definitely. More than happy to use it. Yeah, as I was, I'm aware the [research support] they do, what they provide enough, I've been in touch with other than that, kind of guidance. So I know they have their own guidance on Web pages and things but I just like to get in touch with the actual people, and beyond that there is the UK data archive, for a lot of guidance on what to do. So I spent quite a bit of time in there, just understanding what I can do within limits, that kind of thing. I know they're not entirely open, because you need a password to start. To me, that gives the data a bit of reassurance that not everybody's looking at it. It's kind of being used in that, so, it's [a] bit of attention, really, because, like stuff just being open. but, as a resource, where you've got that piece of mind that your date is going there, and will be, you know, all the relevant descriptive, metadata will go on there and that at least can be found. I'm thinking more about my audio-visual stuff at the moment. What participant hasn't asked to be masked as it were? And there's stuff like transcripts, and that - that can just go straight out in the ether or wherever. Let me see. I guess what would be quite nice is a sort of note, just kind of like a set of guidelines and I steps to follow, who to talk to. I'll come back to the old age of money as well. Where funding is available for that kind of - specially for audio-visual - it's quite a little bit more complex and, but I think the resources are out there to do it. But I do think it comes back to awareness, and that kind of thing, so, because I've always been quite interested in the idea of reproducibility and qualitative data. Which yeah, I'm not convinced you can with interpretive paradigms? But at least if you get the stuff out there, that's transparent, and raise awareness of doing something. Then that would definitely foster open research, I think, to use open data to deposit?",P001,Interview -1.txt,P001_E029,"Yeah, as I was, I'm aware the [research support] they do, what they provide enough, I've been in touch with other than that, kind of guidance. So I know they have their own guidance on Web pages and things but I just like to get in touch with the actual people, and beyond that there is the UK data archive, for a lot of guidance on what to do. So I spent quite a bit of time in there, just understanding what I can do within limits, that kind of thing. I know they're not entirely open, because you need a password to start. To me, that gives the data a bit of reassurance that not everybody's looking at it. It's kind of being used in that, so, it's [a] bit of attention, really, because, like stuff just being open. but, as a resource, where you've got that piece of mind that your date is going there, and will be, you know, all the relevant descriptive, metadata will go on there and that at least can be found. I'm thinking more about my audio-visual stuff at the moment. What participant hasn't asked to be masked as it were? And there's stuff like transcripts, and that - that can just go straight out in the ether or wherever.",,domain:discoverability;domain:workflow;issue:workflow;response:neutral;response:satisfaction;outcome:abandonment,,pending,
"Yeah, as I was, I'm aware the [research support] they do, what they provide enough, I've been in touch with other than that, kind of guidance. So I know they have their own guidance on Web pages and things but I just like to get in touch with the actual people, and beyond that there is the UK data archive, for a lot of guidance on what to do. So I spent quite a bit of time in there, just understanding what I can do within limits, that kind of thing. I know they're not entirely open, because you need a password to start. To me, that gives the data a bit of reassurance that not everybody's looking at it. It's kind of being used in that, so, it's [a] bit of attention, really, because, like stuff just being open. but, as a resource, where you've got that piece of mind that your date is going there, and will be, you know, all the relevant descriptive, metadata will go on there and that at least can be found. I'm thinking more about my audio-visual stuff at the moment. What participant hasn't asked to be masked as it were? And there's stuff like transcripts, and that - that can just go straight out in the ether or wherever. Let me see. I guess what would be quite nice is a sort of note, just kind of like a set of guidelines and I steps to follow, who to talk to. I'll come back to the old age of money as well. Where funding is available for that kind of - specially for audio-visual - it's quite a little bit more complex and, but I think the resources are out there to do it. But I do think it comes back to awareness, and that kind of thing, so, because I've always been quite interested in the idea of reproducibility and qualitative data. Which yeah, I'm not convinced you can with interpretive paradigms? But at least if you get the stuff out there, that's transparent, and raise awareness of doing something. Then that would definitely foster open research, I think, to use open data to deposit? Yeah.",P001,Interview -1.txt,P001_E030,"Let me see. I guess what would be quite nice is a sort of note, just kind of like a set of guidelines and I steps to follow, who to talk to. I'll come back to the old age of money as well. Where funding is available for that kind of - specially for audio-visual - it's quite a little bit more complex and, but I think the resources are out there to do it. But I do think it comes back to awareness, and that kind of thing, so, because I've always been quite interested in the idea of reproducibility and qualitative data. Which yeah, I'm not convinced you can with interpretive paradigms? But at least if you get the stuff out there, that's transparent, and raise awareness of doing something. Then that would definitely foster open research, I think, to use open data to deposit?",,domain:discoverability;domain:workflow;issue:workflow;response:neutral;outcome:abandonment,,pending,
"Let me see. I guess what would be quite nice is a sort of note, just kind of like a set of guidelines and I steps to follow, who to talk to. I'll come back to the old age of money as well. Where funding is available for that kind of - specially for audio-visual - it's quite a little bit more complex and, but I think the resources are out there to do it. But I do think it comes back to awareness, and that kind of thing, so, because I've always been quite interested in the idea of reproducibility and qualitative data. Which yeah, I'm not convinced you can with interpretive paradigms? But at least if you get the stuff out there, that's transparent, and raise awareness of doing something. Then that would definitely foster open research, I think, to use open data to deposit? Yeah. …and not that, that hangs around the data, the DMP, the data management plan, so that's come from the conception of the project. and I'm already thinking, what? Oh yeah, they're going to DMP. I like, what file form, that's where that's gonna go, that's gonna end up. That part for me, is part of the digital reservation planning, as well, of, if I want these datasets to last forever, then I need to make sure that the right deposit is attractive enough to keep people going. And so for me, it's all at the start of the project. It's not, it's not [a] retrospective thing, it's [at the] start. And that sets in train everything else thereafter, every process of workflow. managing data at those data points. Yes. But I suppose I use FAIR principles about, well, just generally curating my data throughout its life-cycle with that particular emphasis on open access provision of research access provision.",P001,Interview -1.txt,P001_E031,Yeah.,,domain:workflow;issue:workflow;response:neutral;outcome:abandonment,,pending,
"Yeah. …and not that, that hangs around the data, the DMP, the data management plan, so that's come from the conception of the project. and I'm already thinking, what? Oh yeah, they're going to DMP. I like, what file form, that's where that's gonna go, that's gonna end up. That part for me, is part of the digital reservation planning, as well, of, if I want these datasets to last forever, then I need to make sure that the right deposit is attractive enough to keep people going. And so for me, it's all at the start of the project. It's not, it's not [a] retrospective thing, it's [at the] start. And that sets in train everything else thereafter, every process of workflow. managing data at those data points. Yes. But I suppose I use FAIR principles about, well, just generally curating my data throughout its life-cycle with that particular emphasis on open access provision of research access provision. Because I have done it, I actually don't know. No, but again, I'd go, my first point of call would be [the] university library. I check on the website and then change and make an inquiry as [to] how to do it, because I like to do things, like, properly. And I don't just “Oh here, some data sets are great. Let's go”. It's, I want to make sure that I'm using them. you know, in the, in the right way, ethically, before I use them in any way. And obviously I'd have to, I mean I know part of the workflow would be approved, get the secondary data analysis approved on the ethics system here. But clearly, I need to know what dataset [I’m] working with first before I can fill in that. But that would come back to project planning of why I would need to look at qualitative data, open qualitative data, secondary data in the first place. so, I think, yeah, it would be just like Oh there's some datasets. Let's do some nice copy. Right. So yeah, it comes in, comes back to the answer to my last question, really. It's all about why data [in] the first place? But certainly, I think, that's, I mean, that's something that the DMP gets you to do as well is actually research data sets to say, so ESRC will say “Have a check for any datasets are existing on this research, because you might be saving some time, and we might, you know, might save some money as well”. So that would be a driver. But again, like, I've just submitted [an] application, as I, there was one dataset from 1976 that seems to be on the system, and it was interviews, and they would just really suck. Basically so, I've done like, a data review literature search sort of thing. But as a data. Yeah, I don’t go beyond that. No, I don't.",P001,Interview -1.txt,P001_E032,"…and not that, that hangs around the data, the DMP, the data management plan, so that's come from the conception of the project. and I'm already thinking, what? Oh yeah, they're going to DMP. I like, what file form, that's where that's gonna go, that's gonna end up. That part for me, is part of the digital reservation planning, as well, of, if I want these datasets to last forever, then I need to make sure that the right deposit is attractive enough to keep people going. And so for me, it's all at the start of the project. It's not, it's not [a] retrospective thing, it's [at the] start. And that sets in train everything else thereafter, every process of workflow. managing data at those data points. Yes. But I suppose I use FAIR principles about, well, just generally curating my data throughout its life-cycle with that particular emphasis on open access provision of research access provision.",,domain:workflow;issue:workflow;response:neutral;response:satisfaction;outcome:repeat_attempt,,pending,
"…and not that, that hangs around the data, the DMP, the data management plan, so that's come from the conception of the project. and I'm already thinking, what? Oh yeah, they're going to DMP. I like, what file form, that's where that's gonna go, that's gonna end up. That part for me, is part of the digital reservation planning, as well, of, if I want these datasets to last forever, then I need to make sure that the right deposit is attractive enough to keep people going. And so for me, it's all at the start of the project. It's not, it's not [a] retrospective thing, it's [at the] start. And that sets in train everything else thereafter, every process of workflow. managing data at those data points. Yes. But I suppose I use FAIR principles about, well, just generally curating my data throughout its life-cycle with that particular emphasis on open access provision of research access provision. Because I have done it, I actually don't know. No, but again, I'd go, my first point of call would be [the] university library. I check on the website and then change and make an inquiry as [to] how to do it, because I like to do things, like, properly. And I don't just “Oh here, some data sets are great. Let's go”. It's, I want to make sure that I'm using them. you know, in the, in the right way, ethically, before I use them in any way. And obviously I'd have to, I mean I know part of the workflow would be approved, get the secondary data analysis approved on the ethics system here. But clearly, I need to know what dataset [I’m] working with first before I can fill in that. But that would come back to project planning of why I would need to look at qualitative data, open qualitative data, secondary data in the first place. so, I think, yeah, it would be just like Oh there's some datasets. Let's do some nice copy. Right. So yeah, it comes in, comes back to the answer to my last question, really. It's all about why data [in] the first place? But certainly, I think, that's, I mean, that's something that the DMP gets you to do as well is actually research data sets to say, so ESRC will say “Have a check for any datasets are existing on this research, because you might be saving some time, and we might, you know, might save some money as well”. So that would be a driver. But again, like, I've just submitted [an] application, as I, there was one dataset from 1976 that seems to be on the system, and it was interviews, and they would just really suck. Basically so, I've done like, a data review literature search sort of thing. But as a data. Yeah, I don’t go beyond that. No, I don't. just for barriers and ethics as I'm not, I'm not saying I was like a negative comment. It's really important in research, and, but it, is it less of a barrier but it is absolutely paramount considered in that, when you’re thinking about open data, it is ethical as well. So, I guess it's just that kind of, researchers thought, research ethics and the whole population of that.",P001,Interview -1.txt,P001_E033,"Because I have done it, I actually don't know. No, but again, I'd go, my first point of call would be [the] university library. I check on the website and then change and make an inquiry as [to] how to do it, because I like to do things, like, properly. And I don't just “Oh here, some data sets are great. Let's go”. It's, I want to make sure that I'm using them. you know, in the, in the right way, ethically, before I use them in any way. And obviously I'd have to, I mean I know part of the workflow would be approved, get the secondary data analysis approved on the ethics system here. But clearly, I need to know what dataset [I’m] working with first before I can fill in that. But that would come back to project planning of why I would need to look at qualitative data, open qualitative data, secondary data in the first place. so, I think, yeah, it would be just like Oh there's some datasets. Let's do some nice copy. Right. So yeah, it comes in, comes back to the answer to my last question, really. It's all about why data [in] the first place? But certainly, I think, that's, I mean, that's something that the DMP gets you to do as well is actually research data sets to say, so ESRC will say “Have a check for any datasets are existing on this research, because you might be saving some time, and we might, you know, might save some money as well”. So that would be a driver. But again, like, I've just submitted [an] application, as I, there was one dataset from 1976 that seems to be on the system, and it was interviews, and they would just really suck. Basically so, I've done like, a data review literature search sort of thing. But as a data. Yeah, I don’t go beyond that. No, I don't.",,domain:workflow;issue:workflow;response:neutral;response:satisfaction;outcome:repeat_attempt,,pending,
"Because I have done it, I actually don't know. No, but again, I'd go, my first point of call would be [the] university library. I check on the website and then change and make an inquiry as [to] how to do it, because I like to do things, like, properly. And I don't just “Oh here, some data sets are great. Let's go”. It's, I want to make sure that I'm using them. you know, in the, in the right way, ethically, before I use them in any way. And obviously I'd have to, I mean I know part of the workflow would be approved, get the secondary data analysis approved on the ethics system here. But clearly, I need to know what dataset [I’m] working with first before I can fill in that. But that would come back to project planning of why I would need to look at qualitative data, open qualitative data, secondary data in the first place. so, I think, yeah, it would be just like Oh there's some datasets. Let's do some nice copy. Right. So yeah, it comes in, comes back to the answer to my last question, really. It's all about why data [in] the first place? But certainly, I think, that's, I mean, that's something that the DMP gets you to do as well is actually research data sets to say, so ESRC will say “Have a check for any datasets are existing on this research, because you might be saving some time, and we might, you know, might save some money as well”. So that would be a driver. But again, like, I've just submitted [an] application, as I, there was one dataset from 1976 that seems to be on the system, and it was interviews, and they would just really suck. Basically so, I've done like, a data review literature search sort of thing. But as a data. Yeah, I don’t go beyond that. No, I don't. just for barriers and ethics as I'm not, I'm not saying I was like a negative comment. It's really important in research, and, but it, is it less of a barrier but it is absolutely paramount considered in that, when you’re thinking about open data, it is ethical as well. So, I guess it's just that kind of, researchers thought, research ethics and the whole population of that. Yes. No further questions for me. Thank you. No, that's good.",P001,Interview -1.txt,P001_E034,"just for barriers and ethics as I'm not, I'm not saying I was like a negative comment. It's really important in research, and, but it, is it less of a barrier but it is absolutely paramount considered in that, when you’re thinking about open data, it is ethical as well. So, I guess it's just that kind of, researchers thought, research ethics and the whole population of that.",,domain:workflow;issue:workflow;response:positive;response:satisfaction;outcome:repeat_attempt,,pending,
"just for barriers and ethics as I'm not, I'm not saying I was like a negative comment. It's really important in research, and, but it, is it less of a barrier but it is absolutely paramount considered in that, when you’re thinking about open data, it is ethical as well. So, I guess it's just that kind of, researchers thought, research ethics and the whole population of that. Yes. No further questions for me. Thank you. No, that's good. I am, yes.",P001,Interview -1.txt,P001_E035,"Yes. No further questions for me. Thank you. No, that's good.",,response:neutral,,pending,
"Yes. No further questions for me. Thank you. No, that's good. I am, yes. Yes, that sounds great. I'll be really interesting. Yeah.",P001,Interview -1.txt,P001_E036,"I am, yes.",,response:positive;response:satisfaction,,pending,
"I am, yes. Yes, that sounds great. I'll be really interesting. Yeah.",P001,Interview -1.txt,P001_E037,"Yes, that sounds great. I'll be really interesting. Yeah.",,response:neutral;response:satisfaction,,pending,
"Yes, I am doing my PhD where I'm looking at, basically, I'm looking at documents on the one hand. I did interviews, and I did also workshops. So that is yeah data collection… …but I don't like to call it that, data collection, because it was more like - step from the documents about the interviews and the worships - were more like co-production of knowledge. So interviews were not only semi structured, but more like dialogical interviews. Um, so yeah, the concept of data gathering is not, you know, it doesn't, in my opinion, it doesn't really convey what I was doing?",P002,Interview -2.txt,P002_E001,"Yes, I am doing my PhD where I'm looking at, basically, I'm looking at documents on the one hand. I did interviews, and I did also workshops. So that is yeah data collection…",,response:positive,,pending,
"Yes, I am doing my PhD where I'm looking at, basically, I'm looking at documents on the one hand. I did interviews, and I did also workshops. So that is yeah data collection… …but I don't like to call it that, data collection, because it was more like - step from the documents about the interviews and the worships - were more like co-production of knowledge. So interviews were not only semi structured, but more like dialogical interviews. Um, so yeah, the concept of data gathering is not, you know, it doesn't, in my opinion, it doesn't really convey what I was doing? What I'm doing to analyse the data is, I'm doing mostly, kind of mapping and diagrams. So also, because I don't want to, I think that a lot, often-times, when you do an analysis of an interview what people end up doing is a quantitative analysis of how many times a certain word has appeared. As I say, this is, this is not what I'm doing. But, I'm doing more, is trying to understand from my own experience, being part of the municipalists movement. I'm from my own experience of being part of processes that we're creating comments, and from my own experience of being [an] urban planner, I'm trying to see the elements that on the one hand resonates with my experience, but on the other hand also resonates with a certain political priority and this political priority is the politically processes of the commons which entails transformation of the way institutions work. But not only public institutions, but also social institutions. And what I'm trying to figure out is what are the new elements that, then, are, should be incorporated into the . To say, I don't use software. I do analysis by hand. I am doing, well, diagrams, relational mapping on the one hand, and it’s relation with documents, which is the less, obviously, it's not copyright news. I would say in this specific case to a certain degree…",P002,Interview -2.txt,P002_E002,"…but I don't like to call it that, data collection, because it was more like - step from the documents about the interviews and the worships - were more like co-production of knowledge. So interviews were not only semi structured, but more like dialogical interviews. Um, so yeah, the concept of data gathering is not, you know, it doesn't, in my opinion, it doesn't really convey what I was doing?",,domain:workflow;issue:workflow;response:neutral,,pending,
"…but I don't like to call it that, data collection, because it was more like - step from the documents about the interviews and the worships - were more like co-production of knowledge. So interviews were not only semi structured, but more like dialogical interviews. Um, so yeah, the concept of data gathering is not, you know, it doesn't, in my opinion, it doesn't really convey what I was doing? What I'm doing to analyse the data is, I'm doing mostly, kind of mapping and diagrams. So also, because I don't want to, I think that a lot, often-times, when you do an analysis of an interview what people end up doing is a quantitative analysis of how many times a certain word has appeared. As I say, this is, this is not what I'm doing. But, I'm doing more, is trying to understand from my own experience, being part of the municipalists movement. I'm from my own experience of being part of processes that we're creating comments, and from my own experience of being [an] urban planner, I'm trying to see the elements that on the one hand resonates with my experience, but on the other hand also resonates with a certain political priority and this political priority is the politically processes of the commons which entails transformation of the way institutions work. But not only public institutions, but also social institutions. And what I'm trying to figure out is what are the new elements that, then, are, should be incorporated into the . To say, I don't use software. I do analysis by hand. I am doing, well, diagrams, relational mapping on the one hand, and it’s relation with documents, which is the less, obviously, it's not copyright news. I would say in this specific case to a certain degree… …because those documents came from a political social act. Listen, where I was part[ner] with other college part of it. So it's not like it's so detached from my own experience. But there, what I'm doing is something called ‘knowledge graph’. And, it’s, um, yeah something that is applied to databases, but I'm doing it also you know, it's a small set of data, let's say, so I just, I had manually. So, I used the…",P002,Interview -2.txt,P002_E003,"What I'm doing to analyse the data is, I'm doing mostly, kind of mapping and diagrams. So also, because I don't want to, I think that a lot, often-times, when you do an analysis of an interview what people end up doing is a quantitative analysis of how many times a certain word has appeared. As I say, this is, this is not what I'm doing. But, I'm doing more, is trying to understand from my own experience, being part of the municipalists movement. I'm from my own experience of being part of processes that we're creating comments, and from my own experience of being [an] urban planner, I'm trying to see the elements that on the one hand resonates with my experience, but on the other hand also resonates with a certain political priority and this political priority is the politically processes of the commons which entails transformation of the way institutions work. But not only public institutions, but also social institutions. And what I'm trying to figure out is what are the new elements that, then, are, should be incorporated into the . To say, I don't use software. I do analysis by hand. I am doing, well, diagrams, relational mapping on the one hand, and it’s relation with documents, which is the less, obviously, it's not copyright news. I would say in this specific case to a certain degree…",,domain:workflow;issue:workflow;response:neutral,,pending,
"What I'm doing to analyse the data is, I'm doing mostly, kind of mapping and diagrams. So also, because I don't want to, I think that a lot, often-times, when you do an analysis of an interview what people end up doing is a quantitative analysis of how many times a certain word has appeared. As I say, this is, this is not what I'm doing. But, I'm doing more, is trying to understand from my own experience, being part of the municipalists movement. I'm from my own experience of being part of processes that we're creating comments, and from my own experience of being [an] urban planner, I'm trying to see the elements that on the one hand resonates with my experience, but on the other hand also resonates with a certain political priority and this political priority is the politically processes of the commons which entails transformation of the way institutions work. But not only public institutions, but also social institutions. And what I'm trying to figure out is what are the new elements that, then, are, should be incorporated into the . To say, I don't use software. I do analysis by hand. I am doing, well, diagrams, relational mapping on the one hand, and it’s relation with documents, which is the less, obviously, it's not copyright news. I would say in this specific case to a certain degree… …because those documents came from a political social act. Listen, where I was part[ner] with other college part of it. So it's not like it's so detached from my own experience. But there, what I'm doing is something called ‘knowledge graph’. And, it’s, um, yeah something that is applied to databases, but I'm doing it also you know, it's a small set of data, let's say, so I just, I had manually. So, I used the… I mostly use InDesign. I'm sorry, Illustrator, to draw…",P002,Interview -2.txt,P002_E004,"…because those documents came from a political social act. Listen, where I was part[ner] with other college part of it. So it's not like it's so detached from my own experience. But there, what I'm doing is something called ‘knowledge graph’. And, it’s, um, yeah something that is applied to databases, but I'm doing it also you know, it's a small set of data, let's say, so I just, I had manually. So, I used the…",,domain:workflow;issue:workflow;response:neutral,,pending,
"…because those documents came from a political social act. Listen, where I was part[ner] with other college part of it. So it's not like it's so detached from my own experience. But there, what I'm doing is something called ‘knowledge graph’. And, it’s, um, yeah something that is applied to databases, but I'm doing it also you know, it's a small set of data, let's say, so I just, I had manually. So, I used the… I mostly use InDesign. I'm sorry, Illustrator, to draw… …so I'm wrong.",P002,Interview -2.txt,P002_E005,"I mostly use InDesign. I'm sorry, Illustrator, to draw…",,response:neutral,,pending,
"I mostly use InDesign. I'm sorry, Illustrator, to draw… …so I'm wrong. …yeah, either they make right,…",P002,Interview -2.txt,P002_E006,…so I'm wrong.,,response:neutral,,pending,
"…so I'm wrong. …yeah, either they make right,… …sometimes throw directly into Illustrator, and sometimes I, I do, I draw them by hand, and then I put in a Illustrator on the top. Yeah. But, for example, on the workshops I was doing, the diagrams when we were doing the workshop. So for me, doing the diagrams, it's a way of thinking. so, you know, like, I think that there is also - often this idea - that you have data and then you apply, it's like a machine, right? Like you are gathering things so you up all your, you know…",P002,Interview -2.txt,P002_E007,"…yeah, either they make right,…",,response:neutral,,pending,
"…yeah, either they make right,… …sometimes throw directly into Illustrator, and sometimes I, I do, I draw them by hand, and then I put in a Illustrator on the top. Yeah. But, for example, on the workshops I was doing, the diagrams when we were doing the workshop. So for me, doing the diagrams, it's a way of thinking. so, you know, like, I think that there is also - often this idea - that you have data and then you apply, it's like a machine, right? Like you are gathering things so you up all your, you know… …like, yeah, whatever materials here, and then you apply an analysis, which is like the machine, and then, and then something comes out. That's not my, I mean my analysis are much more craft. That's it, amazing, and…",P002,Interview -2.txt,P002_E008,"…sometimes throw directly into Illustrator, and sometimes I, I do, I draw them by hand, and then I put in a Illustrator on the top. Yeah. But, for example, on the workshops I was doing, the diagrams when we were doing the workshop. So for me, doing the diagrams, it's a way of thinking. so, you know, like, I think that there is also - often this idea - that you have data and then you apply, it's like a machine, right? Like you are gathering things so you up all your, you know…",,response:positive,,pending,
"…sometimes throw directly into Illustrator, and sometimes I, I do, I draw them by hand, and then I put in a Illustrator on the top. Yeah. But, for example, on the workshops I was doing, the diagrams when we were doing the workshop. So for me, doing the diagrams, it's a way of thinking. so, you know, like, I think that there is also - often this idea - that you have data and then you apply, it's like a machine, right? Like you are gathering things so you up all your, you know… …like, yeah, whatever materials here, and then you apply an analysis, which is like the machine, and then, and then something comes out. That's not my, I mean my analysis are much more craft. That's it, amazing, and… The theoretical framework I'm using? Well, yeah, that depends on, you mean, on the methods of analysis or the theoretical framework for the, because I think that there is a mix on the methods of analysis, I am using, like, a very personal version of grounded theory, which means I have, it's an inductive-deductive…",P002,Interview -2.txt,P002_E009,"…like, yeah, whatever materials here, and then you apply an analysis, which is like the machine, and then, and then something comes out. That's not my, I mean my analysis are much more craft. That's it, amazing, and…",,response:positive,,pending,
"…like, yeah, whatever materials here, and then you apply an analysis, which is like the machine, and then, and then something comes out. That's not my, I mean my analysis are much more craft. That's it, amazing, and… The theoretical framework I'm using? Well, yeah, that depends on, you mean, on the methods of analysis or the theoretical framework for the, because I think that there is a mix on the methods of analysis, I am using, like, a very personal version of grounded theory, which means I have, it's an inductive-deductive… …methodology. I come to the field with my own ideas and assumptions. And yeah, not only aims and objectives, but also, like, kind of an idea of what is happening, because I have previous experience. Then I did, I did the analysis through the, let's call it that gathering. That means that, when I did the first analysis of the documents, and out of that analysis then I decided what to do with the interviews, and out of the interviews then I decided what to do with the method. So, I have three phases, and the three phases are iterative, where each of the phases depends on the first one. And the first one depends on my own experience, which could be like, we call it phase zero. So this is like, like this will be like, the theoretical framework of - the how I did the project. But how I treat the results, I am using more actor-network theory. And specifically,…",P002,Interview -2.txt,P002_E010,"The theoretical framework I'm using? Well, yeah, that depends on, you mean, on the methods of analysis or the theoretical framework for the, because I think that there is a mix on the methods of analysis, I am using, like, a very personal version of grounded theory, which means I have, it's an inductive-deductive…",,response:positive,,pending,
"The theoretical framework I'm using? Well, yeah, that depends on, you mean, on the methods of analysis or the theoretical framework for the, because I think that there is a mix on the methods of analysis, I am using, like, a very personal version of grounded theory, which means I have, it's an inductive-deductive… …methodology. I come to the field with my own ideas and assumptions. And yeah, not only aims and objectives, but also, like, kind of an idea of what is happening, because I have previous experience. Then I did, I did the analysis through the, let's call it that gathering. That means that, when I did the first analysis of the documents, and out of that analysis then I decided what to do with the interviews, and out of the interviews then I decided what to do with the method. So, I have three phases, and the three phases are iterative, where each of the phases depends on the first one. And the first one depends on my own experience, which could be like, we call it phase zero. So this is like, like this will be like, the theoretical framework of - the how I did the project. But how I treat the results, I am using more actor-network theory. And specifically,… …I am applying concept developed by Isabelle Stengers, which is called, and she proposes an Ecology of Practices. And she has a text from the 2005, called Notes of an Ecology of Practices, when I'm trying to also feel about this.",P002,Interview -2.txt,P002_E011,"…methodology. I come to the field with my own ideas and assumptions. And yeah, not only aims and objectives, but also, like, kind of an idea of what is happening, because I have previous experience. Then I did, I did the analysis through the, let's call it that gathering. That means that, when I did the first analysis of the documents, and out of that analysis then I decided what to do with the interviews, and out of the interviews then I decided what to do with the method. So, I have three phases, and the three phases are iterative, where each of the phases depends on the first one. And the first one depends on my own experience, which could be like, we call it phase zero. So this is like, like this will be like, the theoretical framework of - the how I did the project. But how I treat the results, I am using more actor-network theory. And specifically,…",,response:positive,,pending,
"…methodology. I come to the field with my own ideas and assumptions. And yeah, not only aims and objectives, but also, like, kind of an idea of what is happening, because I have previous experience. Then I did, I did the analysis through the, let's call it that gathering. That means that, when I did the first analysis of the documents, and out of that analysis then I decided what to do with the interviews, and out of the interviews then I decided what to do with the method. So, I have three phases, and the three phases are iterative, where each of the phases depends on the first one. And the first one depends on my own experience, which could be like, we call it phase zero. So this is like, like this will be like, the theoretical framework of - the how I did the project. But how I treat the results, I am using more actor-network theory. And specifically,… …I am applying concept developed by Isabelle Stengers, which is called, and she proposes an Ecology of Practices. And she has a text from the 2005, called Notes of an Ecology of Practices, when I'm trying to also feel about this. But that, this elements that she mentions, which is Technologies of Belonging, Strategies of challenges, and diplomacy, and Fostering and empowerment. And she also worked with the concept of a cause. So I'm trying to see what are the ecology of practices that municipalists, and in the institution, and social actors. How, yeah, how they were interacting on these, producing of urban commons - and that in itself was an ecology of practices that are different, and there is a new emerging ecology. So there was like the practice of the institution, on one hand, the practice of social movements as it was, and then a new practice that it is this new practice like oh, then becoming one of the public.",P002,Interview -2.txt,P002_E012,"…I am applying concept developed by Isabelle Stengers, which is called, and she proposes an Ecology of Practices. And she has a text from the 2005, called Notes of an Ecology of Practices, when I'm trying to also feel about this.",,response:positive,,pending,
"…I am applying concept developed by Isabelle Stengers, which is called, and she proposes an Ecology of Practices. And she has a text from the 2005, called Notes of an Ecology of Practices, when I'm trying to also feel about this. But that, this elements that she mentions, which is Technologies of Belonging, Strategies of challenges, and diplomacy, and Fostering and empowerment. And she also worked with the concept of a cause. So I'm trying to see what are the ecology of practices that municipalists, and in the institution, and social actors. How, yeah, how they were interacting on these, producing of urban commons - and that in itself was an ecology of practices that are different, and there is a new emerging ecology. So there was like the practice of the institution, on one hand, the practice of social movements as it was, and then a new practice that it is this new practice like oh, then becoming one of the public. um, well, as I said, I think that qualitative data is, I would say it's more complicated to me to work with, because if I would do a machine, or you know, some other analysis of data, well, that's complicated. I mean I'm not saying like, I think, I mean all this could be. I have friends who do discursive analysis. For example, I'm not you know, like trying to imply that the language, natural language programming, is easy - because it is not. It's very complicated. But I think that somehow [Name Redacted] research, it is much more solid to say “I have these numbers”. You know, this is a, this is - nine is more than eight, you know, you have it. And so…",P002,Interview -2.txt,P002_E013,"But that, this elements that she mentions, which is Technologies of Belonging, Strategies of challenges, and diplomacy, and Fostering and empowerment. And she also worked with the concept of a cause. So I'm trying to see what are the ecology of practices that municipalists, and in the institution, and social actors. How, yeah, how they were interacting on these, producing of urban commons - and that in itself was an ecology of practices that are different, and there is a new emerging ecology. So there was like the practice of the institution, on one hand, the practice of social movements as it was, and then a new practice that it is this new practice like oh, then becoming one of the public.",,response:neutral,,pending,
"But that, this elements that she mentions, which is Technologies of Belonging, Strategies of challenges, and diplomacy, and Fostering and empowerment. And she also worked with the concept of a cause. So I'm trying to see what are the ecology of practices that municipalists, and in the institution, and social actors. How, yeah, how they were interacting on these, producing of urban commons - and that in itself was an ecology of practices that are different, and there is a new emerging ecology. So there was like the practice of the institution, on one hand, the practice of social movements as it was, and then a new practice that it is this new practice like oh, then becoming one of the public. um, well, as I said, I think that qualitative data is, I would say it's more complicated to me to work with, because if I would do a machine, or you know, some other analysis of data, well, that's complicated. I mean I'm not saying like, I think, I mean all this could be. I have friends who do discursive analysis. For example, I'm not you know, like trying to imply that the language, natural language programming, is easy - because it is not. It's very complicated. But I think that somehow [Name Redacted] research, it is much more solid to say “I have these numbers”. You know, this is a, this is - nine is more than eight, you know, you have it. And so… …I think that, for me, precisely one, one of the characteristics of qualitative data is that it cannot be quantified. And when it cannot be quantified, it is complicated to apply for me software that then tries to count things. Or to put numbers to it. And, and, to that degree, I think that we are closer or lately, I have found that anthropologies class much more this capacity of taking, you know, the textures and the nature of the thing in another way, right? So, yeah, I think for me, that's it. It's like, I feel like, for the things that I'm doing, the tools provided by a more, let's say traditional social science approach, all right, [are] a little bit yeah, not so well designed for this...",P002,Interview -2.txt,P002_E014,"um, well, as I said, I think that qualitative data is, I would say it's more complicated to me to work with, because if I would do a machine, or you know, some other analysis of data, well, that's complicated. I mean I'm not saying like, I think, I mean all this could be. I have friends who do discursive analysis. For example, I'm not you know, like trying to imply that the language, natural language programming, is easy - because it is not. It's very complicated. But I think that somehow [Name Redacted] research, it is much more solid to say “I have these numbers”. You know, this is a, this is - nine is more than eight, you know, you have it. And so…",,domain:discoverability;response:neutral,,pending,
"um, well, as I said, I think that qualitative data is, I would say it's more complicated to me to work with, because if I would do a machine, or you know, some other analysis of data, well, that's complicated. I mean I'm not saying like, I think, I mean all this could be. I have friends who do discursive analysis. For example, I'm not you know, like trying to imply that the language, natural language programming, is easy - because it is not. It's very complicated. But I think that somehow [Name Redacted] research, it is much more solid to say “I have these numbers”. You know, this is a, this is - nine is more than eight, you know, you have it. And so… …I think that, for me, precisely one, one of the characteristics of qualitative data is that it cannot be quantified. And when it cannot be quantified, it is complicated to apply for me software that then tries to count things. Or to put numbers to it. And, and, to that degree, I think that we are closer or lately, I have found that anthropologies class much more this capacity of taking, you know, the textures and the nature of the thing in another way, right? So, yeah, I think for me, that's it. It's like, I feel like, for the things that I'm doing, the tools provided by a more, let's say traditional social science approach, all right, [are] a little bit yeah, not so well designed for this... …and maybe I'm more of [an] anthropological approach will happen…",P002,Interview -2.txt,P002_E015,"…I think that, for me, precisely one, one of the characteristics of qualitative data is that it cannot be quantified. And when it cannot be quantified, it is complicated to apply for me software that then tries to count things. Or to put numbers to it. And, and, to that degree, I think that we are closer or lately, I have found that anthropologies class much more this capacity of taking, you know, the textures and the nature of the thing in another way, right? So, yeah, I think for me, that's it. It's like, I feel like, for the things that I'm doing, the tools provided by a more, let's say traditional social science approach, all right, [are] a little bit yeah, not so well designed for this...",,domain:discoverability;response:neutral,,pending,
"…I think that, for me, precisely one, one of the characteristics of qualitative data is that it cannot be quantified. And when it cannot be quantified, it is complicated to apply for me software that then tries to count things. Or to put numbers to it. And, and, to that degree, I think that we are closer or lately, I have found that anthropologies class much more this capacity of taking, you know, the textures and the nature of the thing in another way, right? So, yeah, I think for me, that's it. It's like, I feel like, for the things that I'm doing, the tools provided by a more, let's say traditional social science approach, all right, [are] a little bit yeah, not so well designed for this... …and maybe I'm more of [an] anthropological approach will happen… …just for some, yeah.",P002,Interview -2.txt,P002_E016,…and maybe I'm more of [an] anthropological approach will happen…,,domain:discoverability;response:neutral,,pending,
"…and maybe I'm more of [an] anthropological approach will happen… …just for some, yeah. I think that the interpretation of the data is, it's not so straightforward, and I think that - which might not, might not be the next question - is what makes it also difficult to make it open? Because you have to explain everything like, you know, like if you do some of the, kind of data, and then you know, like, the golden stand here will be, in the laboratory. It's something that assumes that there is this neutrality. And actually, it is a positivist, you know, position. But it makes it easy, yeah, because you could say “This is my data”. So “This is my sheet, this is my database, this is the software I have to apply. This is what has come out of these analyses”. Good. But if I have to do this with my own analysis, I have to explain - “What is my background, what I thought these with, what is the - what is [indecipherable]? But this is coming back then [to] how I have interpreted these, why these things I am not looking at. So just in mind that you do this with 50 interviews, that I have, I mean, it's just, it's not possible. Like, I will spend the three years just explaining what I'm doing. So, not feasible.",P002,Interview -2.txt,P002_E017,"…just for some, yeah.",,response:neutral;outcome:task_friction,,pending,
"…just for some, yeah. I think that the interpretation of the data is, it's not so straightforward, and I think that - which might not, might not be the next question - is what makes it also difficult to make it open? Because you have to explain everything like, you know, like if you do some of the, kind of data, and then you know, like, the golden stand here will be, in the laboratory. It's something that assumes that there is this neutrality. And actually, it is a positivist, you know, position. But it makes it easy, yeah, because you could say “This is my data”. So “This is my sheet, this is my database, this is the software I have to apply. This is what has come out of these analyses”. Good. But if I have to do this with my own analysis, I have to explain - “What is my background, what I thought these with, what is the - what is [indecipherable]? But this is coming back then [to] how I have interpreted these, why these things I am not looking at. So just in mind that you do this with 50 interviews, that I have, I mean, it's just, it's not possible. Like, I will spend the three years just explaining what I'm doing. So, not feasible. I am, yeah. so again, just explain where I come from, I come from a culture of Copyleft culture. I have published most of the things that I have written before going to academia with Creative, Commons. And I have worked with people that have been very active in open source movement. So, when I entered academia, I was very familiar with, yeah, open methodology, with co-creation, with collaboration, with collective authorship. And also basically, with the idea that we are all doing collective authorship, like, I come from a political tradition that considers that knowledge is not of ever of one specific person, because what you know is always shaped by many other sources, and people and is, you know, your own interpretation and you - your own recombination of these things. Not that that makes what you're doing original. But it's always based on someone else's, you know, from the people that have, did you to speak [with] the people that have, you to think, to all the books that you have - that right? So all these, it's always like collective thinking. So this is my approach. So when I started the project, I wanted to have it on a platform, and I wanted to have it open from the beginning. So I have used something which is called, I was looking for different tools. I started thinking, I'm going to design my own website. Then again one of the principles also of open knowledge is produced, that it's already there, so don't try to, you know, reinvent the wheel every time, but, you know, like formats and and so structures that are there. So I started using this called Open Science framework on Open science framework is a platform, but precisely to do open research and collaborative research. Um, so I have everything there. That means that I have put my applications, to the grants are there, my whole confirmation is there. So whenever someone says “Hey Ana, can I take a look at your ethics application, which is super useful because we have no idea how to do these things, you know?” And you go to a course, they give you an example. Maybe it's not at all what you're doing. So I learned a lot by other people, by reading to other people’s applications, and you know, and presentations. So if you go to these, to this project, you could - anybody can download all the documents that I have produced that are more or less, that I finished, I don't have. But they have, like, the structure of the thesis that has been uploaded and this is where I'm going, where I will upload. Let's say the whole thesis with the chapters when they are finished…",P002,Interview -2.txt,P002_E018,"I think that the interpretation of the data is, it's not so straightforward, and I think that - which might not, might not be the next question - is what makes it also difficult to make it open? Because you have to explain everything like, you know, like if you do some of the, kind of data, and then you know, like, the golden stand here will be, in the laboratory. It's something that assumes that there is this neutrality. And actually, it is a positivist, you know, position. But it makes it easy, yeah, because you could say “This is my data”. So “This is my sheet, this is my database, this is the software I have to apply. This is what has come out of these analyses”. Good. But if I have to do this with my own analysis, I have to explain - “What is my background, what I thought these with, what is the - what is [indecipherable]? But this is coming back then [to] how I have interpreted these, why these things I am not looking at. So just in mind that you do this with 50 interviews, that I have, I mean, it's just, it's not possible. Like, I will spend the three years just explaining what I'm doing. So, not feasible.",,domain:performance;issue:performance;response:positive;outcome:abandonment,,pending,
"I think that the interpretation of the data is, it's not so straightforward, and I think that - which might not, might not be the next question - is what makes it also difficult to make it open? Because you have to explain everything like, you know, like if you do some of the, kind of data, and then you know, like, the golden stand here will be, in the laboratory. It's something that assumes that there is this neutrality. And actually, it is a positivist, you know, position. But it makes it easy, yeah, because you could say “This is my data”. So “This is my sheet, this is my database, this is the software I have to apply. This is what has come out of these analyses”. Good. But if I have to do this with my own analysis, I have to explain - “What is my background, what I thought these with, what is the - what is [indecipherable]? But this is coming back then [to] how I have interpreted these, why these things I am not looking at. So just in mind that you do this with 50 interviews, that I have, I mean, it's just, it's not possible. Like, I will spend the three years just explaining what I'm doing. So, not feasible. I am, yeah. so again, just explain where I come from, I come from a culture of Copyleft culture. I have published most of the things that I have written before going to academia with Creative, Commons. And I have worked with people that have been very active in open source movement. So, when I entered academia, I was very familiar with, yeah, open methodology, with co-creation, with collaboration, with collective authorship. And also basically, with the idea that we are all doing collective authorship, like, I come from a political tradition that considers that knowledge is not of ever of one specific person, because what you know is always shaped by many other sources, and people and is, you know, your own interpretation and you - your own recombination of these things. Not that that makes what you're doing original. But it's always based on someone else's, you know, from the people that have, did you to speak [with] the people that have, you to think, to all the books that you have - that right? So all these, it's always like collective thinking. So this is my approach. So when I started the project, I wanted to have it on a platform, and I wanted to have it open from the beginning. So I have used something which is called, I was looking for different tools. I started thinking, I'm going to design my own website. Then again one of the principles also of open knowledge is produced, that it's already there, so don't try to, you know, reinvent the wheel every time, but, you know, like formats and and so structures that are there. So I started using this called Open Science framework on Open science framework is a platform, but precisely to do open research and collaborative research. Um, so I have everything there. That means that I have put my applications, to the grants are there, my whole confirmation is there. So whenever someone says “Hey Ana, can I take a look at your ethics application, which is super useful because we have no idea how to do these things, you know?” And you go to a course, they give you an example. Maybe it's not at all what you're doing. So I learned a lot by other people, by reading to other people’s applications, and you know, and presentations. So if you go to these, to this project, you could - anybody can download all the documents that I have produced that are more or less, that I finished, I don't have. But they have, like, the structure of the thesis that has been uploaded and this is where I'm going, where I will upload. Let's say the whole thesis with the chapters when they are finished… …they will be on this platform.",P002,Interview -2.txt,P002_E019,"I am, yeah. so again, just explain where I come from, I come from a culture of Copyleft culture. I have published most of the things that I have written before going to academia with Creative, Commons. And I have worked with people that have been very active in open source movement. So, when I entered academia, I was very familiar with, yeah, open methodology, with co-creation, with collaboration, with collective authorship. And also basically, with the idea that we are all doing collective authorship, like, I come from a political tradition that considers that knowledge is not of ever of one specific person, because what you know is always shaped by many other sources, and people and is, you know, your own interpretation and you - your own recombination of these things. Not that that makes what you're doing original. But it's always based on someone else's, you know, from the people that have, did you to speak [with] the people that have, you to think, to all the books that you have - that right? So all these, it's always like collective thinking. So this is my approach. So when I started the project, I wanted to have it on a platform, and I wanted to have it open from the beginning. So I have used something which is called, I was looking for different tools. I started thinking, I'm going to design my own website. Then again one of the principles also of open knowledge is produced, that it's already there, so don't try to, you know, reinvent the wheel every time, but, you know, like formats and and so structures that are there. So I started using this called Open Science framework on Open science framework is a platform, but precisely to do open research and collaborative research. Um, so I have everything there. That means that I have put my applications, to the grants are there, my whole confirmation is there. So whenever someone says “Hey Ana, can I take a look at your ethics application, which is super useful because we have no idea how to do these things, you know?” And you go to a course, they give you an example. Maybe it's not at all what you're doing. So I learned a lot by other people, by reading to other people’s applications, and you know, and presentations. So if you go to these, to this project, you could - anybody can download all the documents that I have produced that are more or less, that I finished, I don't have. But they have, like, the structure of the thesis that has been uploaded and this is where I'm going, where I will upload. Let's say the whole thesis with the chapters when they are finished…",,domain:performance;issue:performance;response:positive;outcome:abandonment,,pending,
"I am, yeah. so again, just explain where I come from, I come from a culture of Copyleft culture. I have published most of the things that I have written before going to academia with Creative, Commons. And I have worked with people that have been very active in open source movement. So, when I entered academia, I was very familiar with, yeah, open methodology, with co-creation, with collaboration, with collective authorship. And also basically, with the idea that we are all doing collective authorship, like, I come from a political tradition that considers that knowledge is not of ever of one specific person, because what you know is always shaped by many other sources, and people and is, you know, your own interpretation and you - your own recombination of these things. Not that that makes what you're doing original. But it's always based on someone else's, you know, from the people that have, did you to speak [with] the people that have, you to think, to all the books that you have - that right? So all these, it's always like collective thinking. So this is my approach. So when I started the project, I wanted to have it on a platform, and I wanted to have it open from the beginning. So I have used something which is called, I was looking for different tools. I started thinking, I'm going to design my own website. Then again one of the principles also of open knowledge is produced, that it's already there, so don't try to, you know, reinvent the wheel every time, but, you know, like formats and and so structures that are there. So I started using this called Open Science framework on Open science framework is a platform, but precisely to do open research and collaborative research. Um, so I have everything there. That means that I have put my applications, to the grants are there, my whole confirmation is there. So whenever someone says “Hey Ana, can I take a look at your ethics application, which is super useful because we have no idea how to do these things, you know?” And you go to a course, they give you an example. Maybe it's not at all what you're doing. So I learned a lot by other people, by reading to other people’s applications, and you know, and presentations. So if you go to these, to this project, you could - anybody can download all the documents that I have produced that are more or less, that I finished, I don't have. But they have, like, the structure of the thesis that has been uploaded and this is where I'm going, where I will upload. Let's say the whole thesis with the chapters when they are finished… …they will be on this platform. Then, so this is one thing I'm doing, which is being transparent about the process. Or being transparent about the product. So, [to] explain what I've done. And the second thing that I'm doing is that I am asking everybody, which I don't know if you have asked, but I have [been] asking everybody permission to upload their interviews. So I'm transcribing the interviews, I am editing them. Some taking all this, you know, like whatever oral expressions, to get it edited at an interview, and I'm going to upload them to ORDA, then to the, to the repository, the University, Um, probably or maybe UK. I mean, like I have an ESRC grant, or probably it doesn't really matter a lot. But yeah, one and and I have asked everybody permission or other researchers to use their Interview. So I have, yeah, permission for doing it. And I did this since the Masters, for example. So, but this means it's like, now I'm redoing analysis of some interviews that I did four years ago, because I asked those people permission to. So that their interviews could be reused, so I’m reusing them.",P002,Interview -2.txt,P002_E020,…they will be on this platform.,,domain:performance;issue:performance;domain:workflow;issue:workflow;response:neutral;outcome:abandonment,,pending,
"…they will be on this platform. Then, so this is one thing I'm doing, which is being transparent about the process. Or being transparent about the product. So, [to] explain what I've done. And the second thing that I'm doing is that I am asking everybody, which I don't know if you have asked, but I have [been] asking everybody permission to upload their interviews. So I'm transcribing the interviews, I am editing them. Some taking all this, you know, like whatever oral expressions, to get it edited at an interview, and I'm going to upload them to ORDA, then to the, to the repository, the University, Um, probably or maybe UK. I mean, like I have an ESRC grant, or probably it doesn't really matter a lot. But yeah, one and and I have asked everybody permission or other researchers to use their Interview. So I have, yeah, permission for doing it. And I did this since the Masters, for example. So, but this means it's like, now I'm redoing analysis of some interviews that I did four years ago, because I asked those people permission to. So that their interviews could be reused, so I’m reusing them. For example.",P002,Interview -2.txt,P002_E021,"Then, so this is one thing I'm doing, which is being transparent about the process. Or being transparent about the product. So, [to] explain what I've done. And the second thing that I'm doing is that I am asking everybody, which I don't know if you have asked, but I have [been] asking everybody permission to upload their interviews. So I'm transcribing the interviews, I am editing them. Some taking all this, you know, like whatever oral expressions, to get it edited at an interview, and I'm going to upload them to ORDA, then to the, to the repository, the University, Um, probably or maybe UK. I mean, like I have an ESRC grant, or probably it doesn't really matter a lot. But yeah, one and and I have asked everybody permission or other researchers to use their Interview. So I have, yeah, permission for doing it. And I did this since the Masters, for example. So, but this means it's like, now I'm redoing analysis of some interviews that I did four years ago, because I asked those people permission to. So that their interviews could be reused, so I’m reusing them.",,domain:performance;issue:performance;domain:workflow;issue:workflow;response:neutral,,pending,
"Then, so this is one thing I'm doing, which is being transparent about the process. Or being transparent about the product. So, [to] explain what I've done. And the second thing that I'm doing is that I am asking everybody, which I don't know if you have asked, but I have [been] asking everybody permission to upload their interviews. So I'm transcribing the interviews, I am editing them. Some taking all this, you know, like whatever oral expressions, to get it edited at an interview, and I'm going to upload them to ORDA, then to the, to the repository, the University, Um, probably or maybe UK. I mean, like I have an ESRC grant, or probably it doesn't really matter a lot. But yeah, one and and I have asked everybody permission or other researchers to use their Interview. So I have, yeah, permission for doing it. And I did this since the Masters, for example. So, but this means it's like, now I'm redoing analysis of some interviews that I did four years ago, because I asked those people permission to. So that their interviews could be reused, so I’m reusing them. For example. Yeah, this is a tiny. It's a tiny part…",P002,Interview -2.txt,P002_E022,For example.,,domain:performance;issue:performance;domain:workflow;issue:workflow;response:neutral,,pending,
"For example. Yeah, this is a tiny. It's a tiny part… …but yeah. so it's like,…",P002,Interview -2.txt,P002_E023,"Yeah, this is a tiny. It's a tiny part…",,response:neutral,,pending,
"Yeah, this is a tiny. It's a tiny part… …but yeah. so it's like,… Three out of 55 or something like, it's tiny, tiny.",P002,Interview -2.txt,P002_E024,"…but yeah. so it's like,…",,response:positive,,pending,
"…but yeah. so it's like,… Three out of 55 or something like, it's tiny, tiny. It is an example of what happens is like, and I've been there, like, I have been interviewed for projects, and I do interviews with people, and then I meet another people, and they have done the interviews to the same people. So I know people that are giving, I don't know, like interviews every week. They give an interview to another researcher -. So people are just coming from all over the world to just do interviews with these people. So it's, to what I think is, like guys, you know, like if someone wants to do an interview with these people, maybe they should look before without accessible, not accessible interviews, and then reuse knowledge on the top of that.",P002,Interview -2.txt,P002_E025,"Three out of 55 or something like, it's tiny, tiny.",,response:positive,,pending,
"Three out of 55 or something like, it's tiny, tiny. It is an example of what happens is like, and I've been there, like, I have been interviewed for projects, and I do interviews with people, and then I meet another people, and they have done the interviews to the same people. So I know people that are giving, I don't know, like interviews every week. They give an interview to another researcher -. So people are just coming from all over the world to just do interviews with these people. So it's, to what I think is, like guys, you know, like if someone wants to do an interview with these people, maybe they should look before without accessible, not accessible interviews, and then reuse knowledge on the top of that. No?",P002,Interview -2.txt,P002_E026,"It is an example of what happens is like, and I've been there, like, I have been interviewed for projects, and I do interviews with people, and then I meet another people, and they have done the interviews to the same people. So I know people that are giving, I don't know, like interviews every week. They give an interview to another researcher -. So people are just coming from all over the world to just do interviews with these people. So it's, to what I think is, like guys, you know, like if someone wants to do an interview with these people, maybe they should look before without accessible, not accessible interviews, and then reuse knowledge on the top of that.",,response:positive,,pending,
"It is an example of what happens is like, and I've been there, like, I have been interviewed for projects, and I do interviews with people, and then I meet another people, and they have done the interviews to the same people. So I know people that are giving, I don't know, like interviews every week. They give an interview to another researcher -. So people are just coming from all over the world to just do interviews with these people. So it's, to what I think is, like guys, you know, like if someone wants to do an interview with these people, maybe they should look before without accessible, not accessible interviews, and then reuse knowledge on the top of that. No? So I asked, so the point is, sorry - just to finish - is like, the point is like, before going to academia, I was asking researchers that interview with me, I asked them to put my interview, to publish my interview. and to make it available. So, that was my requirement before, when it was data, I know, yeah.",P002,Interview -2.txt,P002_E027,No?,,response:positive,,pending,
"No? So I asked, so the point is, sorry - just to finish - is like, the point is like, before going to academia, I was asking researchers that interview with me, I asked them to put my interview, to publish my interview. and to make it available. So, that was my requirement before, when it was data, I know, yeah. Oh well, in one location. I'm sure. And the rest, I mean, like, I was supposed to be, they usually do it. I have, also, I have, also have to say that I had a very bad experience with someone…",P002,Interview -2.txt,P002_E028,"So I asked, so the point is, sorry - just to finish - is like, the point is like, before going to academia, I was asking researchers that interview with me, I asked them to put my interview, to publish my interview. and to make it available. So, that was my requirement before, when it was data, I know, yeah.",,response:neutral,,pending,
"So I asked, so the point is, sorry - just to finish - is like, the point is like, before going to academia, I was asking researchers that interview with me, I asked them to put my interview, to publish my interview. and to make it available. So, that was my requirement before, when it was data, I know, yeah. Oh well, in one location. I'm sure. And the rest, I mean, like, I was supposed to be, they usually do it. I have, also, I have, also have to say that I had a very bad experience with someone… …who not only didn't publish it, but didn't even mention it. Well, anyway, so it was a very bad experience as one, some, yeah, everything. And yeah.",P002,Interview -2.txt,P002_E029,"Oh well, in one location. I'm sure. And the rest, I mean, like, I was supposed to be, they usually do it. I have, also, I have, also have to say that I had a very bad experience with someone…",,response:neutral,,pending,
"Oh well, in one location. I'm sure. And the rest, I mean, like, I was supposed to be, they usually do it. I have, also, I have, also have to say that I had a very bad experience with someone… …who not only didn't publish it, but didn't even mention it. Well, anyway, so it was a very bad experience as one, some, yeah, everything. And yeah. This is like, the best in the world's, always and everything.",P002,Interview -2.txt,P002_E030,"…who not only didn't publish it, but didn't even mention it. Well, anyway, so it was a very bad experience as one, some, yeah, everything. And yeah.",,response:neutral,,pending,
"…who not only didn't publish it, but didn't even mention it. Well, anyway, so it was a very bad experience as one, some, yeah, everything. And yeah. This is like, the best in the world's, always and everything. Yeah.",P002,Interview -2.txt,P002_E031,"This is like, the best in the world's, always and everything.",,response:neutral,,pending,
"This is like, the best in the world's, always and everything. Yeah. I think that it's a very, as I said, I think it's complicated. Well, I think it's difficult.",P002,Interview -2.txt,P002_E032,Yeah.,,response:neutral;outcome:task_friction,,pending,
"Yeah. I think that it's a very, as I said, I think it's complicated. Well, I think it's difficult. It's more difficult, because to make it in a way that can be reused, the people understand the context. And it takes a lot of time, but, I think it's, it would be great. I mean, I would have loved to, to have a database of interviews. I mean, if the people that I was interviewing, or having interviews with would have their, there are other interviews available, we're having great.",P002,Interview -2.txt,P002_E033,"I think that it's a very, as I said, I think it's complicated. Well, I think it's difficult.",,response:neutral;response:satisfaction;outcome:task_friction,,pending,
"I think that it's a very, as I said, I think it's complicated. Well, I think it's difficult. It's more difficult, because to make it in a way that can be reused, the people understand the context. And it takes a lot of time, but, I think it's, it would be great. I mean, I would have loved to, to have a database of interviews. I mean, if the people that I was interviewing, or having interviews with would have their, there are other interviews available, we're having great. Yeah, I think it's, I think it's, it's very good. And we need it. No?",P002,Interview -2.txt,P002_E034,"It's more difficult, because to make it in a way that can be reused, the people understand the context. And it takes a lot of time, but, I think it's, it would be great. I mean, I would have loved to, to have a database of interviews. I mean, if the people that I was interviewing, or having interviews with would have their, there are other interviews available, we're having great.",,response:neutral;response:satisfaction;outcome:task_friction,,pending,
"It's more difficult, because to make it in a way that can be reused, the people understand the context. And it takes a lot of time, but, I think it's, it would be great. I mean, I would have loved to, to have a database of interviews. I mean, if the people that I was interviewing, or having interviews with would have their, there are other interviews available, we're having great. Yeah, I think it's, I think it's, it's very good. And we need it. No? For me, personally, what has been more complicated is that it's a lot of extra work. And as I said, I think that for quantitative data, you have that. So it's very different, different because I can have, I don't know an interview - for how I work with it is, I could just listen to it. You know, even do the interview, take my notes, you know, write the notes how I feel them, you know, and transcribe them into these diagrams, and knowledge graphs, and then I present the knowledge graph to represent all the data that is behind this knowledge graph. It's not the same as quantitative data in the sense that I don't have, it's like, in order to make quantity qualitative available you have to go into explaining your own process of thinking, and your own process of analysis, which then is, of course, you know, like a good sign, this the method. But that's not, I think that that's not how everybody operates. Now, it's like, if you imagine that you are doing something which is more like historical analysis. um, so making because all these, that the qualitative data, in order to be also good for example, if I take the interviews, it's not enough to have the interviews. I will have to organize, you know, the title - who was there, when it was taken, what was the place, what is the context? Do a small summary of the text, and put hashtags? But these, that I do it in my head, and are increases you know, pieces of paper here and there, and, you know, a note here and note there if it needs [to be] done. It's not there already. So if we want, really to, to do, not to do this interchangeable…",P002,Interview -2.txt,P002_E035,"Yeah, I think it's, I think it's, it's very good. And we need it. No?",,domain:workflow;issue:workflow;response:positive;response:satisfaction;outcome:task_friction,,pending,
"Yeah, I think it's, I think it's, it's very good. And we need it. No? For me, personally, what has been more complicated is that it's a lot of extra work. And as I said, I think that for quantitative data, you have that. So it's very different, different because I can have, I don't know an interview - for how I work with it is, I could just listen to it. You know, even do the interview, take my notes, you know, write the notes how I feel them, you know, and transcribe them into these diagrams, and knowledge graphs, and then I present the knowledge graph to represent all the data that is behind this knowledge graph. It's not the same as quantitative data in the sense that I don't have, it's like, in order to make quantity qualitative available you have to go into explaining your own process of thinking, and your own process of analysis, which then is, of course, you know, like a good sign, this the method. But that's not, I think that that's not how everybody operates. Now, it's like, if you imagine that you are doing something which is more like historical analysis. um, so making because all these, that the qualitative data, in order to be also good for example, if I take the interviews, it's not enough to have the interviews. I will have to organize, you know, the title - who was there, when it was taken, what was the place, what is the context? Do a small summary of the text, and put hashtags? But these, that I do it in my head, and are increases you know, pieces of paper here and there, and, you know, a note here and note there if it needs [to be] done. It's not there already. So if we want, really to, to do, not to do this interchangeable… …the acceptable data. It's exercise for it, and I see it, for example,…",P002,Interview -2.txt,P002_E036,"For me, personally, what has been more complicated is that it's a lot of extra work. And as I said, I think that for quantitative data, you have that. So it's very different, different because I can have, I don't know an interview - for how I work with it is, I could just listen to it. You know, even do the interview, take my notes, you know, write the notes how I feel them, you know, and transcribe them into these diagrams, and knowledge graphs, and then I present the knowledge graph to represent all the data that is behind this knowledge graph. It's not the same as quantitative data in the sense that I don't have, it's like, in order to make quantity qualitative available you have to go into explaining your own process of thinking, and your own process of analysis, which then is, of course, you know, like a good sign, this the method. But that's not, I think that that's not how everybody operates. Now, it's like, if you imagine that you are doing something which is more like historical analysis. um, so making because all these, that the qualitative data, in order to be also good for example, if I take the interviews, it's not enough to have the interviews. I will have to organize, you know, the title - who was there, when it was taken, what was the place, what is the context? Do a small summary of the text, and put hashtags? But these, that I do it in my head, and are increases you know, pieces of paper here and there, and, you know, a note here and note there if it needs [to be] done. It's not there already. So if we want, really to, to do, not to do this interchangeable…",,domain:workflow;issue:workflow;response:positive,,pending,
"For me, personally, what has been more complicated is that it's a lot of extra work. And as I said, I think that for quantitative data, you have that. So it's very different, different because I can have, I don't know an interview - for how I work with it is, I could just listen to it. You know, even do the interview, take my notes, you know, write the notes how I feel them, you know, and transcribe them into these diagrams, and knowledge graphs, and then I present the knowledge graph to represent all the data that is behind this knowledge graph. It's not the same as quantitative data in the sense that I don't have, it's like, in order to make quantity qualitative available you have to go into explaining your own process of thinking, and your own process of analysis, which then is, of course, you know, like a good sign, this the method. But that's not, I think that that's not how everybody operates. Now, it's like, if you imagine that you are doing something which is more like historical analysis. um, so making because all these, that the qualitative data, in order to be also good for example, if I take the interviews, it's not enough to have the interviews. I will have to organize, you know, the title - who was there, when it was taken, what was the place, what is the context? Do a small summary of the text, and put hashtags? But these, that I do it in my head, and are increases you know, pieces of paper here and there, and, you know, a note here and note there if it needs [to be] done. It's not there already. So if we want, really to, to do, not to do this interchangeable… …the acceptable data. It's exercise for it, and I see it, for example,… …with the interviews, like, if I want to have a good transcription, that someone reads it and gets what the conversation was about, becauseI'm doinginterviews with people in the city council or people that are in projects. And if I want to do this, is, it's a lot of work of editing. It's not the same as, just, you know, getting the sense of it and taking the main themes, and I'm doing my own analysis.",P002,Interview -2.txt,P002_E037,"…the acceptable data. It's exercise for it, and I see it, for example,…",,domain:workflow;issue:workflow;response:positive,,pending,
"…the acceptable data. It's exercise for it, and I see it, for example,… …with the interviews, like, if I want to have a good transcription, that someone reads it and gets what the conversation was about, becauseI'm doinginterviews with people in the city council or people that are in projects. And if I want to do this, is, it's a lot of work of editing. It's not the same as, just, you know, getting the sense of it and taking the main themes, and I'm doing my own analysis. I think that, mmm, [you] start from just having more hours and more money to do it really, did like ,a very important enabling factor, you know. To have, like, probably what I didn't, I didn't take this into account, because I thought it was, I didn't think it was going to be so time-consuming. But in a project, in a bigger project, I think that there should be, like a work package, which is only about open access. And this is our package, it has its hours, and has its own money. The point is like, if you want it available, you have to know that this is, mmm, you know, like, time-consuming. But at the same time, when I was looking for platforms, not where to put the data because this is, you know, like okay, there is data, there is - there is different databases - and you could put the data there, but more, like, to have these, you know frameworks or displays, where you could follow these [indecipherable]. For example, open science framework, which is again a little bit dry, you know, so I, but I think will be also something that happens when, when, some of these places are emerging, is that my, only my interviews don't really amount to much, I mean, yeah, there [are], I don't know, 40, 50, final edited interviews is fine, but what we will need is a database of thousands of interviews, and it's difficult to visualise where this is, also if it's cluttered. So I think that a better planned platform, trained database, you know someone - that explains, or at least takes some more significant fields, or areas of interest and shows, now, but how this is available, how this is articulated, how this project that applied in this way and this method then had all these different, you know, like products available. I think this would be much more interesting. It would be interesting, also, for people, or for researchers, because you will be more aware that what you're doing is part of something bigger than you. And I think that still, and I'm like, I follow, you know, Twitter accounts that do, you know, like I work on open science and I follow it a little bit. I mean superexpert, but I follow it, and it's still, I feel like I am doing these out of, you know, like activism through the, this open thing with - partly it's…",P002,Interview -2.txt,P002_E038,"…with the interviews, like, if I want to have a good transcription, that someone reads it and gets what the conversation was about, becauseI'm doinginterviews with people in the city council or people that are in projects. And if I want to do this, is, it's a lot of work of editing. It's not the same as, just, you know, getting the sense of it and taking the main themes, and I'm doing my own analysis.",,response:positive;outcome:repeat_attempt,,pending,
"…with the interviews, like, if I want to have a good transcription, that someone reads it and gets what the conversation was about, becauseI'm doinginterviews with people in the city council or people that are in projects. And if I want to do this, is, it's a lot of work of editing. It's not the same as, just, you know, getting the sense of it and taking the main themes, and I'm doing my own analysis. I think that, mmm, [you] start from just having more hours and more money to do it really, did like ,a very important enabling factor, you know. To have, like, probably what I didn't, I didn't take this into account, because I thought it was, I didn't think it was going to be so time-consuming. But in a project, in a bigger project, I think that there should be, like a work package, which is only about open access. And this is our package, it has its hours, and has its own money. The point is like, if you want it available, you have to know that this is, mmm, you know, like, time-consuming. But at the same time, when I was looking for platforms, not where to put the data because this is, you know, like okay, there is data, there is - there is different databases - and you could put the data there, but more, like, to have these, you know frameworks or displays, where you could follow these [indecipherable]. For example, open science framework, which is again a little bit dry, you know, so I, but I think will be also something that happens when, when, some of these places are emerging, is that my, only my interviews don't really amount to much, I mean, yeah, there [are], I don't know, 40, 50, final edited interviews is fine, but what we will need is a database of thousands of interviews, and it's difficult to visualise where this is, also if it's cluttered. So I think that a better planned platform, trained database, you know someone - that explains, or at least takes some more significant fields, or areas of interest and shows, now, but how this is available, how this is articulated, how this project that applied in this way and this method then had all these different, you know, like products available. I think this would be much more interesting. It would be interesting, also, for people, or for researchers, because you will be more aware that what you're doing is part of something bigger than you. And I think that still, and I'm like, I follow, you know, Twitter accounts that do, you know, like I work on open science and I follow it a little bit. I mean superexpert, but I follow it, and it's still, I feel like I am doing these out of, you know, like activism through the, this open thing with - partly it's… …why I'm doing. But it would be, I think that will be useful, if we could have this sense of, this is one piece that goes in why they’re asking, you know, you came, but you can see that there is something that [is] already useful.",P002,Interview -2.txt,P002_E039,"I think that, mmm, [you] start from just having more hours and more money to do it really, did like ,a very important enabling factor, you know. To have, like, probably what I didn't, I didn't take this into account, because I thought it was, I didn't think it was going to be so time-consuming. But in a project, in a bigger project, I think that there should be, like a work package, which is only about open access. And this is our package, it has its hours, and has its own money. The point is like, if you want it available, you have to know that this is, mmm, you know, like, time-consuming. But at the same time, when I was looking for platforms, not where to put the data because this is, you know, like okay, there is data, there is - there is different databases - and you could put the data there, but more, like, to have these, you know frameworks or displays, where you could follow these [indecipherable]. For example, open science framework, which is again a little bit dry, you know, so I, but I think will be also something that happens when, when, some of these places are emerging, is that my, only my interviews don't really amount to much, I mean, yeah, there [are], I don't know, 40, 50, final edited interviews is fine, but what we will need is a database of thousands of interviews, and it's difficult to visualise where this is, also if it's cluttered. So I think that a better planned platform, trained database, you know someone - that explains, or at least takes some more significant fields, or areas of interest and shows, now, but how this is available, how this is articulated, how this project that applied in this way and this method then had all these different, you know, like products available. I think this would be much more interesting. It would be interesting, also, for people, or for researchers, because you will be more aware that what you're doing is part of something bigger than you. And I think that still, and I'm like, I follow, you know, Twitter accounts that do, you know, like I work on open science and I follow it a little bit. I mean superexpert, but I follow it, and it's still, I feel like I am doing these out of, you know, like activism through the, this open thing with - partly it's…",,response:positive;outcome:repeat_attempt,,pending,
"I think that, mmm, [you] start from just having more hours and more money to do it really, did like ,a very important enabling factor, you know. To have, like, probably what I didn't, I didn't take this into account, because I thought it was, I didn't think it was going to be so time-consuming. But in a project, in a bigger project, I think that there should be, like a work package, which is only about open access. And this is our package, it has its hours, and has its own money. The point is like, if you want it available, you have to know that this is, mmm, you know, like, time-consuming. But at the same time, when I was looking for platforms, not where to put the data because this is, you know, like okay, there is data, there is - there is different databases - and you could put the data there, but more, like, to have these, you know frameworks or displays, where you could follow these [indecipherable]. For example, open science framework, which is again a little bit dry, you know, so I, but I think will be also something that happens when, when, some of these places are emerging, is that my, only my interviews don't really amount to much, I mean, yeah, there [are], I don't know, 40, 50, final edited interviews is fine, but what we will need is a database of thousands of interviews, and it's difficult to visualise where this is, also if it's cluttered. So I think that a better planned platform, trained database, you know someone - that explains, or at least takes some more significant fields, or areas of interest and shows, now, but how this is available, how this is articulated, how this project that applied in this way and this method then had all these different, you know, like products available. I think this would be much more interesting. It would be interesting, also, for people, or for researchers, because you will be more aware that what you're doing is part of something bigger than you. And I think that still, and I'm like, I follow, you know, Twitter accounts that do, you know, like I work on open science and I follow it a little bit. I mean superexpert, but I follow it, and it's still, I feel like I am doing these out of, you know, like activism through the, this open thing with - partly it's… …why I'm doing. But it would be, I think that will be useful, if we could have this sense of, this is one piece that goes in why they’re asking, you know, you came, but you can see that there is something that [is] already useful. …you don't know where we're, yeah, maybe they have a good class back, and then people can find it, will know that, who will…",P002,Interview -2.txt,P002_E040,"…why I'm doing. But it would be, I think that will be useful, if we could have this sense of, this is one piece that goes in why they’re asking, you know, you came, but you can see that there is something that [is] already useful.",,domain:discoverability;issue:discoverability;response:positive;outcome:repeat_attempt,,pending,
"…why I'm doing. But it would be, I think that will be useful, if we could have this sense of, this is one piece that goes in why they’re asking, you know, you came, but you can see that there is something that [is] already useful. …you don't know where we're, yeah, maybe they have a good class back, and then people can find it, will know that, who will… …then know that I have done this effort, and this work, who would use it. It's also…",P002,Interview -2.txt,P002_E041,"…you don't know where we're, yeah, maybe they have a good class back, and then people can find it, will know that, who will…",,domain:discoverability;issue:discoverability;response:neutral,,pending,
"…you don't know where we're, yeah, maybe they have a good class back, and then people can find it, will know that, who will… …then know that I have done this effort, and this work, who would use it. It's also… …then I think as well, one thing that I have to say and I don't know if this is good or not, I said, I said from the beginning, the University [Redacted - University name] not getting this copyright, because if everything is Creative Commons,…",P002,Interview -2.txt,P002_E042,"…then know that I have done this effort, and this work, who would use it. It's also…",,domain:discoverability;issue:discoverability;response:neutral,,pending,
"…then know that I have done this effort, and this work, who would use it. It's also… …then I think as well, one thing that I have to say and I don't know if this is good or not, I said, I said from the beginning, the University [Redacted - University name] not getting this copyright, because if everything is Creative Commons,… …there is no point - that they have the problem, right? So people can get their own copyright. This, I write this question to you guys, and this, for me, it's interesting because this is about autonomy, and this is about giving people agency about their own data. And I think that waving out copyright rights, it's not the way to go, honestly, because if you are going to share it, I mean even if the point to have the copyright - is that I have to have the copyright, because otherwise I cannot publish it. It's like yeah, if you have the copyright, you cannot. If you don't have the copyright, you cannot publish it. And then I could be right, if you have a copyright, but people have a right have agreed to do Creative Commons. And you can use it, and reuse it, and you can publish however you want. So this for me, as I said, I come from the Copyleft movement. I don't agree with this copyright? Sometimes you have to, you know, go with it - because you know how the publishing world is. But, I don't think it's fitting. To me, [it] is shocking to have a research that goes about open and data and then asked me to wave my copyrights. It is shocking for me. It's like for me, and until the technical...",P002,Interview -2.txt,P002_E043,"…then I think as well, one thing that I have to say and I don't know if this is good or not, I said, I said from the beginning, the University [Redacted - University name] not getting this copyright, because if everything is Creative Commons,…",,response:neutral;outcome:abandonment,,pending,
"…then I think as well, one thing that I have to say and I don't know if this is good or not, I said, I said from the beginning, the University [Redacted - University name] not getting this copyright, because if everything is Creative Commons,… …there is no point - that they have the problem, right? So people can get their own copyright. This, I write this question to you guys, and this, for me, it's interesting because this is about autonomy, and this is about giving people agency about their own data. And I think that waving out copyright rights, it's not the way to go, honestly, because if you are going to share it, I mean even if the point to have the copyright - is that I have to have the copyright, because otherwise I cannot publish it. It's like yeah, if you have the copyright, you cannot. If you don't have the copyright, you cannot publish it. And then I could be right, if you have a copyright, but people have a right have agreed to do Creative Commons. And you can use it, and reuse it, and you can publish however you want. So this for me, as I said, I come from the Copyleft movement. I don't agree with this copyright? Sometimes you have to, you know, go with it - because you know how the publishing world is. But, I don't think it's fitting. To me, [it] is shocking to have a research that goes about open and data and then asked me to wave my copyrights. It is shocking for me. It's like for me, and until the technical... So, and enable - another enabling thing is like, to have very clear ethics. It's like, if you follow, if you chose to follow these, then - which is what I have done. So what I have done with people is, it says, ask them, as their permission to use the data for my research. Ask them how they want to be, but I do it in the, in, you can, you can have my ethics applications in the open science framework…",P002,Interview -2.txt,P002_E044,"…there is no point - that they have the problem, right? So people can get their own copyright. This, I write this question to you guys, and this, for me, it's interesting because this is about autonomy, and this is about giving people agency about their own data. And I think that waving out copyright rights, it's not the way to go, honestly, because if you are going to share it, I mean even if the point to have the copyright - is that I have to have the copyright, because otherwise I cannot publish it. It's like yeah, if you have the copyright, you cannot. If you don't have the copyright, you cannot publish it. And then I could be right, if you have a copyright, but people have a right have agreed to do Creative Commons. And you can use it, and reuse it, and you can publish however you want. So this for me, as I said, I come from the Copyleft movement. I don't agree with this copyright? Sometimes you have to, you know, go with it - because you know how the publishing world is. But, I don't think it's fitting. To me, [it] is shocking to have a research that goes about open and data and then asked me to wave my copyrights. It is shocking for me. It's like for me, and until the technical...",,response:neutral;outcome:abandonment,,pending,
"…there is no point - that they have the problem, right? So people can get their own copyright. This, I write this question to you guys, and this, for me, it's interesting because this is about autonomy, and this is about giving people agency about their own data. And I think that waving out copyright rights, it's not the way to go, honestly, because if you are going to share it, I mean even if the point to have the copyright - is that I have to have the copyright, because otherwise I cannot publish it. It's like yeah, if you have the copyright, you cannot. If you don't have the copyright, you cannot publish it. And then I could be right, if you have a copyright, but people have a right have agreed to do Creative Commons. And you can use it, and reuse it, and you can publish however you want. So this for me, as I said, I come from the Copyleft movement. I don't agree with this copyright? Sometimes you have to, you know, go with it - because you know how the publishing world is. But, I don't think it's fitting. To me, [it] is shocking to have a research that goes about open and data and then asked me to wave my copyrights. It is shocking for me. It's like for me, and until the technical... So, and enable - another enabling thing is like, to have very clear ethics. It's like, if you follow, if you chose to follow these, then - which is what I have done. So what I have done with people is, it says, ask them, as their permission to use the data for my research. Ask them how they want to be, but I do it in the, in, you can, you can have my ethics applications in the open science framework… …but so I have asked them how they want to be identified. I said that in any case, I have to be identified with a short explanation of where they are, because I cannot go and say “You know, like some random anonymous people”, because this is not what my research is about. So even if they are identified with a subdominium, it's not fully anonymized, they have to know this. I mean I have to say this person is symbolic in this project, in this kind of capacity of role, because this is what makes you know, this interview relevant. And as I said, I ask them to agree that all these products will come with Creative Commons. I have said that my products and my outcomes will go with Creative Commons as well, because it's only first, we will produce things under Creative Commons. And the first thing, as I said, is like, I have asked them specifically permission for their data to be reused by other by other researchers. So I did include the FAIR principles in my ethics application, and I did say [in] my, I think application that, that I will go through to an open source. So that means that I will then, for example, I usually straight for doing the diagrams, but Illustrator is proprietary software. So I will say the files as .EPS And then share them as .CPS.",P002,Interview -2.txt,P002_E045,"So, and enable - another enabling thing is like, to have very clear ethics. It's like, if you follow, if you chose to follow these, then - which is what I have done. So what I have done with people is, it says, ask them, as their permission to use the data for my research. Ask them how they want to be, but I do it in the, in, you can, you can have my ethics applications in the open science framework…",,response:neutral;outcome:abandonment,,pending,
"So, and enable - another enabling thing is like, to have very clear ethics. It's like, if you follow, if you chose to follow these, then - which is what I have done. So what I have done with people is, it says, ask them, as their permission to use the data for my research. Ask them how they want to be, but I do it in the, in, you can, you can have my ethics applications in the open science framework… …but so I have asked them how they want to be identified. I said that in any case, I have to be identified with a short explanation of where they are, because I cannot go and say “You know, like some random anonymous people”, because this is not what my research is about. So even if they are identified with a subdominium, it's not fully anonymized, they have to know this. I mean I have to say this person is symbolic in this project, in this kind of capacity of role, because this is what makes you know, this interview relevant. And as I said, I ask them to agree that all these products will come with Creative Commons. I have said that my products and my outcomes will go with Creative Commons as well, because it's only first, we will produce things under Creative Commons. And the first thing, as I said, is like, I have asked them specifically permission for their data to be reused by other by other researchers. So I did include the FAIR principles in my ethics application, and I did say [in] my, I think application that, that I will go through to an open source. So that means that I will then, for example, I usually straight for doing the diagrams, but Illustrator is proprietary software. So I will say the files as .EPS And then share them as .CPS. That also means that when I will upload the interviews I do. I use Libra Office which is not, it's not, it's not in Office - Windows. It is another extension. So the, but nevertheless, I will use .TXT extension. So, I will, my working files are in one kind of formats, but when I will upload them, I will upload them in an interchangeable format. So the most, let's say, yeah, the format that can be used for more people….",P002,Interview -2.txt,P002_E046,"…but so I have asked them how they want to be identified. I said that in any case, I have to be identified with a short explanation of where they are, because I cannot go and say “You know, like some random anonymous people”, because this is not what my research is about. So even if they are identified with a subdominium, it's not fully anonymized, they have to know this. I mean I have to say this person is symbolic in this project, in this kind of capacity of role, because this is what makes you know, this interview relevant. And as I said, I ask them to agree that all these products will come with Creative Commons. I have said that my products and my outcomes will go with Creative Commons as well, because it's only first, we will produce things under Creative Commons. And the first thing, as I said, is like, I have asked them specifically permission for their data to be reused by other by other researchers. So I did include the FAIR principles in my ethics application, and I did say [in] my, I think application that, that I will go through to an open source. So that means that I will then, for example, I usually straight for doing the diagrams, but Illustrator is proprietary software. So I will say the files as .EPS And then share them as .CPS.",,domain:performance;issue:performance;response:neutral,,pending,
"…but so I have asked them how they want to be identified. I said that in any case, I have to be identified with a short explanation of where they are, because I cannot go and say “You know, like some random anonymous people”, because this is not what my research is about. So even if they are identified with a subdominium, it's not fully anonymized, they have to know this. I mean I have to say this person is symbolic in this project, in this kind of capacity of role, because this is what makes you know, this interview relevant. And as I said, I ask them to agree that all these products will come with Creative Commons. I have said that my products and my outcomes will go with Creative Commons as well, because it's only first, we will produce things under Creative Commons. And the first thing, as I said, is like, I have asked them specifically permission for their data to be reused by other by other researchers. So I did include the FAIR principles in my ethics application, and I did say [in] my, I think application that, that I will go through to an open source. So that means that I will then, for example, I usually straight for doing the diagrams, but Illustrator is proprietary software. So I will say the files as .EPS And then share them as .CPS. That also means that when I will upload the interviews I do. I use Libra Office which is not, it's not, it's not in Office - Windows. It is another extension. So the, but nevertheless, I will use .TXT extension. So, I will, my working files are in one kind of formats, but when I will upload them, I will upload them in an interchangeable format. So the most, let's say, yeah, the format that can be used for more people…. …so that, and that example in Illustrator means that files are much bigger than an .EPS file - is much bigger for example than, and AI - so I use AI for, for the, for the process. But yeah. final, final shareable, will be on shareable documents, Yeah?",P002,Interview -2.txt,P002_E047,"That also means that when I will upload the interviews I do. I use Libra Office which is not, it's not, it's not in Office - Windows. It is another extension. So the, but nevertheless, I will use .TXT extension. So, I will, my working files are in one kind of formats, but when I will upload them, I will upload them in an interchangeable format. So the most, let's say, yeah, the format that can be used for more people….",,domain:performance;issue:performance;domain:workflow;issue:workflow;response:neutral,,pending,
"That also means that when I will upload the interviews I do. I use Libra Office which is not, it's not, it's not in Office - Windows. It is another extension. So the, but nevertheless, I will use .TXT extension. So, I will, my working files are in one kind of formats, but when I will upload them, I will upload them in an interchangeable format. So the most, let's say, yeah, the format that can be used for more people…. …so that, and that example in Illustrator means that files are much bigger than an .EPS file - is much bigger for example than, and AI - so I use AI for, for the, for the process. But yeah. final, final shareable, will be on shareable documents, Yeah? No. No. I mean, what I come, but I said, like, my, my project comes from the idea that I am part of the larger community, which is a very loose community. It's not that I'm part of a, you know, very concrete project, with concrete people, but I'm part of a political project, a wider practice, political practice, and I'm trying to contribute to that as well. So, I'm trying to contribute to academic knowledge, but I'm trying to contribute to practice-based knowledge as well. So the only way to make these available and compatible with the principles of my political practice is to do it open source. I was doing Office before, and so, if I'm doing open culture and open, and working with open source, so it's only natural that then I do open science. But it is complicated, like I would like to, I would love to do everything much more open, but just like, first, you have to feed it. We've seen constraints in the university that are not thought to these, like, these things - University have to have the copyright. Like honestly, I have spent a number of emails asking “Why do you want the copyright?” “What happens if I do open access, you still need the copyright?” So at the end, I presented the ‘30's application with no Copyright, because but nobody really was saying, “Yes, Ana, if you're doing this, then…” because they go on about open knowledge and open science, but at the same time, university wants to have the copyright - because they do want to have the right [to] commodify this knowledge. So honestly, like I am, this is, this is, we need a tension, not so much between my epistemic background and what I'm doing. But the tension is between and academic structure that has, you know, like one point - which might not be in qualitative data - because who the are ones like nobody's going to make money out of, you know, our interviews. But people are going to make money out of whatever, you know, like building structure, they want to put a patent on. Then again, this is for me, a little bit, you know, because I have agrant, that means that I'm getting money that is public, and actually yes, I see it's the months that's the research goes open source and open science so that they are asking actively researchers to publish their data sets and the results in open formats and open source. But for example, now there is this problem that - could that, would be about, for example, what do you do when you publish it? Because following this thing, your paper, or my papers, they will have to go to an open access format, but open access format will cost per thousand euros, but UK pounds.",P002,Interview -2.txt,P002_E048,"…so that, and that example in Illustrator means that files are much bigger than an .EPS file - is much bigger for example than, and AI - so I use AI for, for the, for the process. But yeah. final, final shareable, will be on shareable documents, Yeah?",,domain:performance;issue:performance;domain:workflow;issue:workflow;response:positive;response:satisfaction;outcome:repeat_attempt,,pending,
"…so that, and that example in Illustrator means that files are much bigger than an .EPS file - is much bigger for example than, and AI - so I use AI for, for the, for the process. But yeah. final, final shareable, will be on shareable documents, Yeah? No. No. I mean, what I come, but I said, like, my, my project comes from the idea that I am part of the larger community, which is a very loose community. It's not that I'm part of a, you know, very concrete project, with concrete people, but I'm part of a political project, a wider practice, political practice, and I'm trying to contribute to that as well. So, I'm trying to contribute to academic knowledge, but I'm trying to contribute to practice-based knowledge as well. So the only way to make these available and compatible with the principles of my political practice is to do it open source. I was doing Office before, and so, if I'm doing open culture and open, and working with open source, so it's only natural that then I do open science. But it is complicated, like I would like to, I would love to do everything much more open, but just like, first, you have to feed it. We've seen constraints in the university that are not thought to these, like, these things - University have to have the copyright. Like honestly, I have spent a number of emails asking “Why do you want the copyright?” “What happens if I do open access, you still need the copyright?” So at the end, I presented the ‘30's application with no Copyright, because but nobody really was saying, “Yes, Ana, if you're doing this, then…” because they go on about open knowledge and open science, but at the same time, university wants to have the copyright - because they do want to have the right [to] commodify this knowledge. So honestly, like I am, this is, this is, we need a tension, not so much between my epistemic background and what I'm doing. But the tension is between and academic structure that has, you know, like one point - which might not be in qualitative data - because who the are ones like nobody's going to make money out of, you know, our interviews. But people are going to make money out of whatever, you know, like building structure, they want to put a patent on. Then again, this is for me, a little bit, you know, because I have agrant, that means that I'm getting money that is public, and actually yes, I see it's the months that's the research goes open source and open science so that they are asking actively researchers to publish their data sets and the results in open formats and open source. But for example, now there is this problem that - could that, would be about, for example, what do you do when you publish it? Because following this thing, your paper, or my papers, they will have to go to an open access format, but open access format will cost per thousand euros, but UK pounds. So it costs a lot of money to publish in open formats as well.",P002,Interview -2.txt,P002_E049,"No. No. I mean, what I come, but I said, like, my, my project comes from the idea that I am part of the larger community, which is a very loose community. It's not that I'm part of a, you know, very concrete project, with concrete people, but I'm part of a political project, a wider practice, political practice, and I'm trying to contribute to that as well. So, I'm trying to contribute to academic knowledge, but I'm trying to contribute to practice-based knowledge as well. So the only way to make these available and compatible with the principles of my political practice is to do it open source. I was doing Office before, and so, if I'm doing open culture and open, and working with open source, so it's only natural that then I do open science. But it is complicated, like I would like to, I would love to do everything much more open, but just like, first, you have to feed it. We've seen constraints in the university that are not thought to these, like, these things - University have to have the copyright. Like honestly, I have spent a number of emails asking “Why do you want the copyright?” “What happens if I do open access, you still need the copyright?” So at the end, I presented the ‘30's application with no Copyright, because but nobody really was saying, “Yes, Ana, if you're doing this, then…” because they go on about open knowledge and open science, but at the same time, university wants to have the copyright - because they do want to have the right [to] commodify this knowledge. So honestly, like I am, this is, this is, we need a tension, not so much between my epistemic background and what I'm doing. But the tension is between and academic structure that has, you know, like one point - which might not be in qualitative data - because who the are ones like nobody's going to make money out of, you know, our interviews. But people are going to make money out of whatever, you know, like building structure, they want to put a patent on. Then again, this is for me, a little bit, you know, because I have agrant, that means that I'm getting money that is public, and actually yes, I see it's the months that's the research goes open source and open science so that they are asking actively researchers to publish their data sets and the results in open formats and open source. But for example, now there is this problem that - could that, would be about, for example, what do you do when you publish it? Because following this thing, your paper, or my papers, they will have to go to an open access format, but open access format will cost per thousand euros, but UK pounds.",,domain:workflow;issue:workflow;response:positive;response:satisfaction;outcome:repeat_attempt,,pending,
"No. No. I mean, what I come, but I said, like, my, my project comes from the idea that I am part of the larger community, which is a very loose community. It's not that I'm part of a, you know, very concrete project, with concrete people, but I'm part of a political project, a wider practice, political practice, and I'm trying to contribute to that as well. So, I'm trying to contribute to academic knowledge, but I'm trying to contribute to practice-based knowledge as well. So the only way to make these available and compatible with the principles of my political practice is to do it open source. I was doing Office before, and so, if I'm doing open culture and open, and working with open source, so it's only natural that then I do open science. But it is complicated, like I would like to, I would love to do everything much more open, but just like, first, you have to feed it. We've seen constraints in the university that are not thought to these, like, these things - University have to have the copyright. Like honestly, I have spent a number of emails asking “Why do you want the copyright?” “What happens if I do open access, you still need the copyright?” So at the end, I presented the ‘30's application with no Copyright, because but nobody really was saying, “Yes, Ana, if you're doing this, then…” because they go on about open knowledge and open science, but at the same time, university wants to have the copyright - because they do want to have the right [to] commodify this knowledge. So honestly, like I am, this is, this is, we need a tension, not so much between my epistemic background and what I'm doing. But the tension is between and academic structure that has, you know, like one point - which might not be in qualitative data - because who the are ones like nobody's going to make money out of, you know, our interviews. But people are going to make money out of whatever, you know, like building structure, they want to put a patent on. Then again, this is for me, a little bit, you know, because I have agrant, that means that I'm getting money that is public, and actually yes, I see it's the months that's the research goes open source and open science so that they are asking actively researchers to publish their data sets and the results in open formats and open source. But for example, now there is this problem that - could that, would be about, for example, what do you do when you publish it? Because following this thing, your paper, or my papers, they will have to go to an open access format, but open access format will cost per thousand euros, but UK pounds. So it costs a lot of money to publish in open formats as well. So you don't have this support. If you haven't put in your, in your own fostering cultures of open qualitative research, that you need 10,000 pounds or 5,000 pounds to pay for the open format of the article, the article will have to go to Copyrighted, under a copyright…",P002,Interview -2.txt,P002_E050,So it costs a lot of money to publish in open formats as well.,,response:positive;response:satisfaction;outcome:repeat_attempt,,pending,
"So it costs a lot of money to publish in open formats as well. So you don't have this support. If you haven't put in your, in your own fostering cultures of open qualitative research, that you need 10,000 pounds or 5,000 pounds to pay for the open format of the article, the article will have to go to Copyrighted, under a copyright… …which is, you know, like, it blows up my mind. Like, you cannot have, like, articles about different research that, I mean, like, and they are copyrighted, that are not open.",P002,Interview -2.txt,P002_E051,"So you don't have this support. If you haven't put in your, in your own fostering cultures of open qualitative research, that you need 10,000 pounds or 5,000 pounds to pay for the open format of the article, the article will have to go to Copyrighted, under a copyright…",,response:neutral,,pending,
"So you don't have this support. If you haven't put in your, in your own fostering cultures of open qualitative research, that you need 10,000 pounds or 5,000 pounds to pay for the open format of the article, the article will have to go to Copyrighted, under a copyright… …which is, you know, like, it blows up my mind. Like, you cannot have, like, articles about different research that, I mean, like, and they are copyrighted, that are not open. It's a little bit crazy. No? So yeah.",P002,Interview -2.txt,P002_E052,"…which is, you know, like, it blows up my mind. Like, you cannot have, like, articles about different research that, I mean, like, and they are copyrighted, that are not open.",,response:neutral,,pending,
"…which is, you know, like, it blows up my mind. Like, you cannot have, like, articles about different research that, I mean, like, and they are copyrighted, that are not open. It's a little bit crazy. No? So yeah. Yeah. Well, but this, this is the thing. Not like, it's not, maybe it's not my epistemic background, but the university systemic coherence that are a tension here. Uh yeah, as part of, and this, I'm a recognised like, we I didn't foresee the complexity of doing this, not open, so this is - this is all my responsibility. But there are parts that are not. Yeah.",P002,Interview -2.txt,P002_E053,It's a little bit crazy. No? So yeah.,,response:positive,,pending,
"It's a little bit crazy. No? So yeah. Yeah. Well, but this, this is the thing. Not like, it's not, maybe it's not my epistemic background, but the university systemic coherence that are a tension here. Uh yeah, as part of, and this, I'm a recognised like, we I didn't foresee the complexity of doing this, not open, so this is - this is all my responsibility. But there are parts that are not. Yeah. No. No. I mean, just, but also like, “This is the idea Ana”, like it's, “It's a very complex process. We don't have the protocols, we haven't incorporated. There is nobody, you know, like people in your confirmation will last, you know, in the review”. They ask you “How are you going to get that? And How is your literature review?” But nobody asks you in the review, “How are you going to make your data open?” So right now it's like something that you put on the top of the things and…",P002,Interview -2.txt,P002_E054,"Yeah. Well, but this, this is the thing. Not like, it's not, maybe it's not my epistemic background, but the university systemic coherence that are a tension here. Uh yeah, as part of, and this, I'm a recognised like, we I didn't foresee the complexity of doing this, not open, so this is - this is all my responsibility. But there are parts that are not. Yeah.",,domain:workflow;issue:workflow;response:positive,,pending,
"Yeah. Well, but this, this is the thing. Not like, it's not, maybe it's not my epistemic background, but the university systemic coherence that are a tension here. Uh yeah, as part of, and this, I'm a recognised like, we I didn't foresee the complexity of doing this, not open, so this is - this is all my responsibility. But there are parts that are not. Yeah. No. No. I mean, just, but also like, “This is the idea Ana”, like it's, “It's a very complex process. We don't have the protocols, we haven't incorporated. There is nobody, you know, like people in your confirmation will last, you know, in the review”. They ask you “How are you going to get that? And How is your literature review?” But nobody asks you in the review, “How are you going to make your data open?” So right now it's like something that you put on the top of the things and… …something that is assumed that is part of a process. So that culture has to change…",P002,Interview -2.txt,P002_E055,"No. No. I mean, just, but also like, “This is the idea Ana”, like it's, “It's a very complex process. We don't have the protocols, we haven't incorporated. There is nobody, you know, like people in your confirmation will last, you know, in the review”. They ask you “How are you going to get that? And How is your literature review?” But nobody asks you in the review, “How are you going to make your data open?” So right now it's like something that you put on the top of the things and…",,domain:workflow;issue:workflow;response:positive,,pending,
"No. No. I mean, just, but also like, “This is the idea Ana”, like it's, “It's a very complex process. We don't have the protocols, we haven't incorporated. There is nobody, you know, like people in your confirmation will last, you know, in the review”. They ask you “How are you going to get that? And How is your literature review?” But nobody asks you in the review, “How are you going to make your data open?” So right now it's like something that you put on the top of the things and… …something that is assumed that is part of a process. So that culture has to change… …but the point is, like, then you do a step-by-step. No, so, I don't know, maybe this time, but I'm - so this time what I'm going to focus [on[ is, okay, I'm going to have a very good explanation of how has been that, the process, or at least, you know, to have this documented. The process is documented, which is a lot of work, and the interviews are available. That's it.",P002,Interview -2.txt,P002_E056,…something that is assumed that is part of a process. So that culture has to change…,,domain:workflow;issue:workflow;response:positive,,pending,
"…something that is assumed that is part of a process. So that culture has to change… …but the point is, like, then you do a step-by-step. No, so, I don't know, maybe this time, but I'm - so this time what I'm going to focus [on[ is, okay, I'm going to have a very good explanation of how has been that, the process, or at least, you know, to have this documented. The process is documented, which is a lot of work, and the interviews are available. That's it. But maybe I don't work on the metadata, because that's like another whole layer.",P002,Interview -2.txt,P002_E057,"…but the point is, like, then you do a step-by-step. No, so, I don't know, maybe this time, but I'm - so this time what I'm going to focus [on[ is, okay, I'm going to have a very good explanation of how has been that, the process, or at least, you know, to have this documented. The process is documented, which is a lot of work, and the interviews are available. That's it.",,domain:workflow;issue:workflow;response:neutral,,pending,
"…but the point is, like, then you do a step-by-step. No, so, I don't know, maybe this time, but I'm - so this time what I'm going to focus [on[ is, okay, I'm going to have a very good explanation of how has been that, the process, or at least, you know, to have this documented. The process is documented, which is a lot of work, and the interviews are available. That's it. But maybe I don't work on the metadata, because that's like another whole layer. So, in the next research, because I already know how hard this is, but I have done it. Then it says, “Okay, I know how to do the process. I know to the engine. Now I'm going to do the middle”, so but not to try, like, you know, because doing a good open qualitative research in your [indecipherable] it's a project in itself.",P002,Interview -2.txt,P002_E058,"But maybe I don't work on the metadata, because that's like another whole layer.",,domain:workflow;issue:workflow;response:neutral,,pending,
"But maybe I don't work on the metadata, because that's like another whole layer. So, in the next research, because I already know how hard this is, but I have done it. Then it says, “Okay, I know how to do the process. I know to the engine. Now I'm going to do the middle”, so but not to try, like, you know, because doing a good open qualitative research in your [indecipherable] it's a project in itself. Right, no?",P002,Interview -2.txt,P002_E059,"So, in the next research, because I already know how hard this is, but I have done it. Then it says, “Okay, I know how to do the process. I know to the engine. Now I'm going to do the middle”, so but not to try, like, you know, because doing a good open qualitative research in your [indecipherable] it's a project in itself.",,domain:workflow;issue:workflow;response:neutral,,pending,
"So, in the next research, because I already know how hard this is, but I have done it. Then it says, “Okay, I know how to do the process. I know to the engine. Now I'm going to do the middle”, so but not to try, like, you know, because doing a good open qualitative research in your [indecipherable] it's a project in itself. Right, no? Again?",P002,Interview -2.txt,P002_E060,"Right, no?",,domain:workflow;issue:workflow;response:neutral;outcome:repeat_attempt,,pending,
"Right, no? Again? Okay. Okay.",P002,Interview -2.txt,P002_E061,Again?,,response:neutral;outcome:repeat_attempt,,pending,
"Again? Okay. Okay. To contribute to the larger community, and part of, to contribute to, the academic community as well. I mentioned [to] one of the people that I interviewed that “No, you know, but this is going to be open access” and they say “We don't care. It's, like, it doesn't matter to us, you know, you can throw it in the rubbish”. So actually, they ask these people that I was interviewing, they say “Okay”, when the point is like, I'm interviewing people, I'm just people’s time and these people are activists, so they have [a] limited amount of time. So first, they have to trust that what I'm doing eventually could be useful for them. Some people said like, “We don't think this is going to be useful for us, It doesn't matter”. But then they say, “But then you have to give something in return”. So if we ever want to make a talk about the town planning, you will come, and this is only fair. It's like, these people are giving me hours of their life.",P002,Interview -2.txt,P002_E062,Okay. Okay.,,response:positive;outcome:repeat_attempt,,pending,
"Okay. Okay. To contribute to the larger community, and part of, to contribute to, the academic community as well. I mentioned [to] one of the people that I interviewed that “No, you know, but this is going to be open access” and they say “We don't care. It's, like, it doesn't matter to us, you know, you can throw it in the rubbish”. So actually, they ask these people that I was interviewing, they say “Okay”, when the point is like, I'm interviewing people, I'm just people’s time and these people are activists, so they have [a] limited amount of time. So first, they have to trust that what I'm doing eventually could be useful for them. Some people said like, “We don't think this is going to be useful for us, It doesn't matter”. But then they say, “But then you have to give something in return”. So if we ever want to make a talk about the town planning, you will come, and this is only fair. It's like, these people are giving me hours of their life. So I want to put something back, I put something back, hoping that my research will be useful for them, that [is] what I'm thinking makes them, you know, like whatever, you resonate with whatever they are doing. I give back by publishing. Also, one, as I said at the beginning, one thing that would be great is that - by the way, that I think it helps them as well - is that if people can't read before, you know, the interviews, maybe they don't have been [a] thousand times. But they also, the, the thing is, like, right now, we [are] also working in academia, where you have to have your own original interviews, right? So I don't know, maybe another way to foster these cultures [is] to say, “Hey, go and make a qualitative project with whatever qualitative that is available”, don't go around, you know, like doing interviews.",P002,Interview -2.txt,P002_E063,"To contribute to the larger community, and part of, to contribute to, the academic community as well. I mentioned [to] one of the people that I interviewed that “No, you know, but this is going to be open access” and they say “We don't care. It's, like, it doesn't matter to us, you know, you can throw it in the rubbish”. So actually, they ask these people that I was interviewing, they say “Okay”, when the point is like, I'm interviewing people, I'm just people’s time and these people are activists, so they have [a] limited amount of time. So first, they have to trust that what I'm doing eventually could be useful for them. Some people said like, “We don't think this is going to be useful for us, It doesn't matter”. But then they say, “But then you have to give something in return”. So if we ever want to make a talk about the town planning, you will come, and this is only fair. It's like, these people are giving me hours of their life.",,response:positive;response:satisfaction,,pending,
"To contribute to the larger community, and part of, to contribute to, the academic community as well. I mentioned [to] one of the people that I interviewed that “No, you know, but this is going to be open access” and they say “We don't care. It's, like, it doesn't matter to us, you know, you can throw it in the rubbish”. So actually, they ask these people that I was interviewing, they say “Okay”, when the point is like, I'm interviewing people, I'm just people’s time and these people are activists, so they have [a] limited amount of time. So first, they have to trust that what I'm doing eventually could be useful for them. Some people said like, “We don't think this is going to be useful for us, It doesn't matter”. But then they say, “But then you have to give something in return”. So if we ever want to make a talk about the town planning, you will come, and this is only fair. It's like, these people are giving me hours of their life. So I want to put something back, I put something back, hoping that my research will be useful for them, that [is] what I'm thinking makes them, you know, like whatever, you resonate with whatever they are doing. I give back by publishing. Also, one, as I said at the beginning, one thing that would be great is that - by the way, that I think it helps them as well - is that if people can't read before, you know, the interviews, maybe they don't have been [a] thousand times. But they also, the, the thing is, like, right now, we [are] also working in academia, where you have to have your own original interviews, right? So I don't know, maybe another way to foster these cultures [is] to say, “Hey, go and make a qualitative project with whatever qualitative that is available”, don't go around, you know, like doing interviews. Use the interviews that are already there. Because new interpretation, I am, I'm interested - what I'm seeing, for example, in this, my own reuse of these three interviews, which is interesting, is that it's not only that I am reusing them - which is good. It's also that I see that whatever I thought four years ago, and…",P002,Interview -2.txt,P002_E064,"So I want to put something back, I put something back, hoping that my research will be useful for them, that [is] what I'm thinking makes them, you know, like whatever, you resonate with whatever they are doing. I give back by publishing. Also, one, as I said at the beginning, one thing that would be great is that - by the way, that I think it helps them as well - is that if people can't read before, you know, the interviews, maybe they don't have been [a] thousand times. But they also, the, the thing is, like, right now, we [are] also working in academia, where you have to have your own original interviews, right? So I don't know, maybe another way to foster these cultures [is] to say, “Hey, go and make a qualitative project with whatever qualitative that is available”, don't go around, you know, like doing interviews.",,response:positive;response:satisfaction,,pending,
"So I want to put something back, I put something back, hoping that my research will be useful for them, that [is] what I'm thinking makes them, you know, like whatever, you resonate with whatever they are doing. I give back by publishing. Also, one, as I said at the beginning, one thing that would be great is that - by the way, that I think it helps them as well - is that if people can't read before, you know, the interviews, maybe they don't have been [a] thousand times. But they also, the, the thing is, like, right now, we [are] also working in academia, where you have to have your own original interviews, right? So I don't know, maybe another way to foster these cultures [is] to say, “Hey, go and make a qualitative project with whatever qualitative that is available”, don't go around, you know, like doing interviews. Use the interviews that are already there. Because new interpretation, I am, I'm interested - what I'm seeing, for example, in this, my own reuse of these three interviews, which is interesting, is that it's not only that I am reusing them - which is good. It's also that I see that whatever I thought four years ago, and… …the issues that I was interested in, are very different from this, from the things I'm interested [in] now. So, I am, I am kind of focusing in a totally different way. At first, I said, “Okay, maybe I can use the same analysis that I did”. No. I can't. I'm somewhere else. But, then I extracted some conclusions, and now I'm extracting new conclusions. So it's great, because I'm reusing, I am reusing open data. Yeah.",P002,Interview -2.txt,P002_E065,"Use the interviews that are already there. Because new interpretation, I am, I'm interested - what I'm seeing, for example, in this, my own reuse of these three interviews, which is interesting, is that it's not only that I am reusing them - which is good. It's also that I see that whatever I thought four years ago, and…",,response:neutral;response:satisfaction,,pending,
"Use the interviews that are already there. Because new interpretation, I am, I'm interested - what I'm seeing, for example, in this, my own reuse of these three interviews, which is interesting, is that it's not only that I am reusing them - which is good. It's also that I see that whatever I thought four years ago, and… …the issues that I was interested in, are very different from this, from the things I'm interested [in] now. So, I am, I am kind of focusing in a totally different way. At first, I said, “Okay, maybe I can use the same analysis that I did”. No. I can't. I'm somewhere else. But, then I extracted some conclusions, and now I'm extracting new conclusions. So it's great, because I'm reusing, I am reusing open data. Yeah. …that was available.",P002,Interview -2.txt,P002_E066,"…the issues that I was interested in, are very different from this, from the things I'm interested [in] now. So, I am, I am kind of focusing in a totally different way. At first, I said, “Okay, maybe I can use the same analysis that I did”. No. I can't. I'm somewhere else. But, then I extracted some conclusions, and now I'm extracting new conclusions. So it's great, because I'm reusing, I am reusing open data. Yeah.",,response:neutral;response:satisfaction,,pending,
"…the issues that I was interested in, are very different from this, from the things I'm interested [in] now. So, I am, I am kind of focusing in a totally different way. At first, I said, “Okay, maybe I can use the same analysis that I did”. No. I can't. I'm somewhere else. But, then I extracted some conclusions, and now I'm extracting new conclusions. So it's great, because I'm reusing, I am reusing open data. Yeah. …that was available. I haven't used other people’s other people data. I have to say that I am not aware, for example, there are two other researchers that touch similar",P002,Interview -2.txt,P002_E067,…that was available.,,response:neutral;response:satisfaction,,pending,
"…that was available. I haven't used other people’s other people data. I have to say that I am not aware, for example, there are two other researchers that touch similar …but these people don't have, their, their interviews published, so…",P002,Interview -2.txt,P002_E068,"I haven't used other people’s other people data. I have to say that I am not aware, for example, there are two other researchers that touch similar",,response:neutral,,pending,
"I haven't used other people’s other people data. I have to say that I am not aware, for example, there are two other researchers that touch similar …but these people don't have, their, their interviews published, so… No. and I, but I think it's, it's good. I mean it's, it's",P002,Interview -2.txt,P002_E069,"…but these people don't have, their, their interviews published, so…",,response:neutral,,pending,
"…but these people don't have, their, their interviews published, so… No. and I, but I think it's, it's good. I mean it's, it's Better. sure…",P002,Interview -2.txt,P002_E070,"No. and I, but I think it's, it's good. I mean it's, it's",,response:neutral,,pending,
"No. and I, but I think it's, it's good. I mean it's, it's Better. sure… …I would do it, and, I would as a secondary data of course. It's like, it will, it will, it helps you shape better your own questions, right? Doesn't matter that, then, you don't do primary data, but I think it's the same as - I mean to me, even it would be more interesting because there are certain situations where, okay, someone has made an interpretation of these, and then they have come to their own conclusions. But Looking at what people said in that moment, and towards those questions could help you to shape better, your own interview And also helps you to track, you know? Like if,…",P002,Interview -2.txt,P002_E071,Better. sure…,,response:neutral,,pending,
"Better. sure… …I would do it, and, I would as a secondary data of course. It's like, it will, it will, it helps you shape better your own questions, right? Doesn't matter that, then, you don't do primary data, but I think it's the same as - I mean to me, even it would be more interesting because there are certain situations where, okay, someone has made an interpretation of these, and then they have come to their own conclusions. But Looking at what people said in that moment, and towards those questions could help you to shape better, your own interview And also helps you to track, you know? Like if,… …if all the interviews that have been done to the platform, and affect others, and in particularthere are hundreds of researchers that have gone and that they have done the research on the path, if all of these would be available - you can do a - set this only on that, because you could see how these courses are changing. How, maybe, if you ask these people who have been there for 10 years, or you ask this [to] other people who have just a right, totally different, what are the differences of the, I don't know, people that are more national-based in relation with the people that are immigrants. I mean, you, we will have hundreds, hundreds of interviews [on] one issue. Yeah, it would be amazing.",P002,Interview -2.txt,P002_E072,"…I would do it, and, I would as a secondary data of course. It's like, it will, it will, it helps you shape better your own questions, right? Doesn't matter that, then, you don't do primary data, but I think it's the same as - I mean to me, even it would be more interesting because there are certain situations where, okay, someone has made an interpretation of these, and then they have come to their own conclusions. But Looking at what people said in that moment, and towards those questions could help you to shape better, your own interview And also helps you to track, you know? Like if,…",,response:neutral,,pending,
"…I would do it, and, I would as a secondary data of course. It's like, it will, it will, it helps you shape better your own questions, right? Doesn't matter that, then, you don't do primary data, but I think it's the same as - I mean to me, even it would be more interesting because there are certain situations where, okay, someone has made an interpretation of these, and then they have come to their own conclusions. But Looking at what people said in that moment, and towards those questions could help you to shape better, your own interview And also helps you to track, you know? Like if,… …if all the interviews that have been done to the platform, and affect others, and in particularthere are hundreds of researchers that have gone and that they have done the research on the path, if all of these would be available - you can do a - set this only on that, because you could see how these courses are changing. How, maybe, if you ask these people who have been there for 10 years, or you ask this [to] other people who have just a right, totally different, what are the differences of the, I don't know, people that are more national-based in relation with the people that are immigrants. I mean, you, we will have hundreds, hundreds of interviews [on] one issue. Yeah, it would be amazing. …but,",P002,Interview -2.txt,P002_E073,"…if all the interviews that have been done to the platform, and affect others, and in particularthere are hundreds of researchers that have gone and that they have done the research on the path, if all of these would be available - you can do a - set this only on that, because you could see how these courses are changing. How, maybe, if you ask these people who have been there for 10 years, or you ask this [to] other people who have just a right, totally different, what are the differences of the, I don't know, people that are more national-based in relation with the people that are immigrants. I mean, you, we will have hundreds, hundreds of interviews [on] one issue. Yeah, it would be amazing.",,response:neutral,,pending,
"…if all the interviews that have been done to the platform, and affect others, and in particularthere are hundreds of researchers that have gone and that they have done the research on the path, if all of these would be available - you can do a - set this only on that, because you could see how these courses are changing. How, maybe, if you ask these people who have been there for 10 years, or you ask this [to] other people who have just a right, totally different, what are the differences of the, I don't know, people that are more national-based in relation with the people that are immigrants. I mean, you, we will have hundreds, hundreds of interviews [on] one issue. Yeah, it would be amazing. …but, I checked UKRI, so I checked the University, I checked the ESRC, and I checked UKRI guidelines, and then I checked the FAIR project, and…",P002,Interview -2.txt,P002_E074,"…but,",,response:neutral,,pending,
"…but, I checked UKRI, so I checked the University, I checked the ESRC, and I checked UKRI guidelines, and then I checked the FAIR project, and… …I have done a workshop organised by the library, two workshops organised by the library, and…",P002,Interview -2.txt,P002_E075,"I checked UKRI, so I checked the University, I checked the ESRC, and I checked UKRI guidelines, and then I checked the FAIR project, and…",,response:neutral,,pending,
"I checked UKRI, so I checked the University, I checked the ESRC, and I checked UKRI guidelines, and then I checked the FAIR project, and… …I have done a workshop organised by the library, two workshops organised by the library, and… …open source. One was amazing, and I did an in-person one, super-good. I don't know you were there, but I think that one, I don't think that was until - you're not sure. Yes, I see grantees, but they were very good. So, I think that there are some out there.",P002,Interview -2.txt,P002_E076,"…I have done a workshop organised by the library, two workshops organised by the library, and…",,response:neutral;response:confusion,,pending,
"…I have done a workshop organised by the library, two workshops organised by the library, and… …open source. One was amazing, and I did an in-person one, super-good. I don't know you were there, but I think that one, I don't think that was until - you're not sure. Yes, I see grantees, but they were very good. So, I think that there are some out there. For me, specific to me, you mean? Like, I am doing it, but this is really an effort.",P002,Interview -2.txt,P002_E077,"…open source. One was amazing, and I did an in-person one, super-good. I don't know you were there, but I think that one, I don't think that was until - you're not sure. Yes, I see grantees, but they were very good. So, I think that there are some out there.",,response:neutral;response:confusion,,pending,
"…open source. One was amazing, and I did an in-person one, super-good. I don't know you were there, but I think that one, I don't think that was until - you're not sure. Yes, I see grantees, but they were very good. So, I think that there are some out there. For me, specific to me, you mean? Like, I am doing it, but this is really an effort. To do it better, specific time. Yeah. yeah,…",P002,Interview -2.txt,P002_E078,"For me, specific to me, you mean? Like, I am doing it, but this is really an effort.",,response:neutral;response:confusion,,pending,
"For me, specific to me, you mean? Like, I am doing it, but this is really an effort. To do it better, specific time. Yeah. yeah,… I mean, like, it could also be, like, the same way that, for example, there are grants to - whatever - you know, that is three months grant to go and do an overse institutional visit, for example, or there is this other grant in the school of architecture where you can go and make a trip, and there should be grants for making up, like, really, like, we are going to give you one extra month, two extra months of your grant, where, you know, it's, I don't know - after you submit. You have two months paid the same way that there are also grants, no? Writing grants.",P002,Interview -2.txt,P002_E079,"To do it better, specific time. Yeah. yeah,…",,response:positive,,pending,
"To do it better, specific time. Yeah. yeah,… I mean, like, it could also be, like, the same way that, for example, there are grants to - whatever - you know, that is three months grant to go and do an overse institutional visit, for example, or there is this other grant in the school of architecture where you can go and make a trip, and there should be grants for making up, like, really, like, we are going to give you one extra month, two extra months of your grant, where, you know, it's, I don't know - after you submit. You have two months paid the same way that there are also grants, no? Writing grants. The same way, the same way I, like, put it there. Say, if you are going to do these, you get one month, two months, you get support. You can, you know, have people that edit the transcripts. You can have some people that help you to organize your metadata. You have to put resources honestly.",P002,Interview -2.txt,P002_E080,"I mean, like, it could also be, like, the same way that, for example, there are grants to - whatever - you know, that is three months grant to go and do an overse institutional visit, for example, or there is this other grant in the school of architecture where you can go and make a trip, and there should be grants for making up, like, really, like, we are going to give you one extra month, two extra months of your grant, where, you know, it's, I don't know - after you submit. You have two months paid the same way that there are also grants, no? Writing grants.",,response:positive,,pending,
"I mean, like, it could also be, like, the same way that, for example, there are grants to - whatever - you know, that is three months grant to go and do an overse institutional visit, for example, or there is this other grant in the school of architecture where you can go and make a trip, and there should be grants for making up, like, really, like, we are going to give you one extra month, two extra months of your grant, where, you know, it's, I don't know - after you submit. You have two months paid the same way that there are also grants, no? Writing grants. The same way, the same way I, like, put it there. Say, if you are going to do these, you get one month, two months, you get support. You can, you know, have people that edit the transcripts. You can have some people that help you to organize your metadata. You have to put resources honestly. Like there's a machine. We are against the clock. We are doing too much with too little, all the time. If you want this to succeed in qualitative data - in quantitative I think it's different honestly, quantitative guys got your data, and put it out there. But with qualitative, it needs an extra, it's extra work. And this has to be in…",P002,Interview -2.txt,P002_E081,"The same way, the same way I, like, put it there. Say, if you are going to do these, you get one month, two months, you get support. You can, you know, have people that edit the transcripts. You can have some people that help you to organize your metadata. You have to put resources honestly.",,response:positive;outcome:repeat_attempt,,pending,
"The same way, the same way I, like, put it there. Say, if you are going to do these, you get one month, two months, you get support. You can, you know, have people that edit the transcripts. You can have some people that help you to organize your metadata. You have to put resources honestly. Like there's a machine. We are against the clock. We are doing too much with too little, all the time. If you want this to succeed in qualitative data - in quantitative I think it's different honestly, quantitative guys got your data, and put it out there. But with qualitative, it needs an extra, it's extra work. And this has to be in… …until it is integrated, and then it's part of it, and then you do, everybody will integrate it naturally, because it would be like one part of the thing that, yeah, you do. But there is also, like, extra funding to do fieldwork work. If you want to go and…",P002,Interview -2.txt,P002_E082,"Like there's a machine. We are against the clock. We are doing too much with too little, all the time. If you want this to succeed in qualitative data - in quantitative I think it's different honestly, quantitative guys got your data, and put it out there. But with qualitative, it needs an extra, it's extra work. And this has to be in…",,response:neutral;outcome:repeat_attempt,,pending,
"Like there's a machine. We are against the clock. We are doing too much with too little, all the time. If you want this to succeed in qualitative data - in quantitative I think it's different honestly, quantitative guys got your data, and put it out there. But with qualitative, it needs an extra, it's extra work. And this has to be in… …until it is integrated, and then it's part of it, and then you do, everybody will integrate it naturally, because it would be like one part of the thing that, yeah, you do. But there is also, like, extra funding to do fieldwork work. If you want to go and… …do fieldwork, right, you have extra funds then, so how does it come - that is extra funding for doing field work. That is extra funding for going on research visits, or institutional visits. That is extra funding for writing. But there is not extra funding for open source. Should be. Should be extra.",P002,Interview -2.txt,P002_E083,"…until it is integrated, and then it's part of it, and then you do, everybody will integrate it naturally, because it would be like one part of the thing that, yeah, you do. But there is also, like, extra funding to do fieldwork work. If you want to go and…",,response:neutral;outcome:repeat_attempt,,pending,
"…until it is integrated, and then it's part of it, and then you do, everybody will integrate it naturally, because it would be like one part of the thing that, yeah, you do. But there is also, like, extra funding to do fieldwork work. If you want to go and… …do fieldwork, right, you have extra funds then, so how does it come - that is extra funding for doing field work. That is extra funding for going on research visits, or institutional visits. That is extra funding for writing. But there is not extra funding for open source. Should be. Should be extra. Clear?",P002,Interview -2.txt,P002_E084,"…do fieldwork, right, you have extra funds then, so how does it come - that is extra funding for doing field work. That is extra funding for going on research visits, or institutional visits. That is extra funding for writing. But there is not extra funding for open source. Should be. Should be extra.",,response:neutral,,pending,
"…do fieldwork, right, you have extra funds then, so how does it come - that is extra funding for doing field work. That is extra funding for going on research visits, or institutional visits. That is extra funding for writing. But there is not extra funding for open source. Should be. Should be extra. Clear? Okay.",P002,Interview -2.txt,P002_E085,Clear?,,response:neutral,,pending,
"Clear? Okay. Um, I haven't done this yet. So I would say, well it would be a question of - again, it will be useful to have more kind of clear guidelines, I think, that “Okay, my data will go again, my data goes to the repository of the University”, but then is there, how do I like, how is this related to other qualitative data? My interviews are going to be in Spanish. Most of them. What do I do? Do I do the hashtag in Spanish? I guess. So, so yeah. There is like, you know, how people are going to find these, how they're going to know all that? For me. It's not very clear. Together with the metadata...",P002,Interview -2.txt,P002_E086,Okay.,,domain:discoverability;issue:discoverability;response:positive;outcome:repeat_attempt,,pending,
"Okay. Um, I haven't done this yet. So I would say, well it would be a question of - again, it will be useful to have more kind of clear guidelines, I think, that “Okay, my data will go again, my data goes to the repository of the University”, but then is there, how do I like, how is this related to other qualitative data? My interviews are going to be in Spanish. Most of them. What do I do? Do I do the hashtag in Spanish? I guess. So, so yeah. There is like, you know, how people are going to find these, how they're going to know all that? For me. It's not very clear. Together with the metadata... …and as I said…",P002,Interview -2.txt,P002_E087,"Um, I haven't done this yet. So I would say, well it would be a question of - again, it will be useful to have more kind of clear guidelines, I think, that “Okay, my data will go again, my data goes to the repository of the University”, but then is there, how do I like, how is this related to other qualitative data? My interviews are going to be in Spanish. Most of them. What do I do? Do I do the hashtag in Spanish? I guess. So, so yeah. There is like, you know, how people are going to find these, how they're going to know all that? For me. It's not very clear. Together with the metadata...",,domain:discoverability;issue:discoverability;response:positive;outcome:repeat_attempt,,pending,
"Um, I haven't done this yet. So I would say, well it would be a question of - again, it will be useful to have more kind of clear guidelines, I think, that “Okay, my data will go again, my data goes to the repository of the University”, but then is there, how do I like, how is this related to other qualitative data? My interviews are going to be in Spanish. Most of them. What do I do? Do I do the hashtag in Spanish? I guess. So, so yeah. There is like, you know, how people are going to find these, how they're going to know all that? For me. It's not very clear. Together with the metadata... …and as I said… Okay. Thank you.",P002,Interview -2.txt,P002_E088,…and as I said…,,domain:discoverability;issue:discoverability;response:positive;outcome:repeat_attempt,,pending,
"…and as I said… Okay. Thank you. Yeah, sure.",P002,Interview -2.txt,P002_E089,Okay. Thank you.,,response:neutral,,pending,
"Okay. Thank you. Yeah, sure. Okay. Okay. So back",P002,Interview -2.txt,P002_E090,"Yeah, sure.",,response:neutral,,pending,
"Yeah, sure. Okay. Okay. So back Okay.",P002,Interview -2.txt,P002_E091,Okay. Okay. So back,,response:neutral,,pending,
Okay. Okay. So back Okay. Exactly.,P002,Interview -2.txt,P002_E092,Okay.,,response:neutral,,pending,
"Okay. Exactly. …that would be the other way around. I have a lot of, I have a lot of experience on co-production and collaborative production, and…",P002,Interview -2.txt,P002_E093,Exactly.,,response:neutral,,pending,
"Exactly. …that would be the other way around. I have a lot of, I have a lot of experience on co-production and collaborative production, and… …that's why I support the principles of open science. I don't,…",P002,Interview -2.txt,P002_E094,"…that would be the other way around. I have a lot of, I have a lot of experience on co-production and collaborative production, and…",,response:neutral,,pending,
"…that would be the other way around. I have a lot of, I have a lot of experience on co-production and collaborative production, and… …that's why I support the principles of open science. I don't,… …I don't have a lot of experience doing open science. I have a lot of experience within co-production and…",P002,Interview -2.txt,P002_E095,"…that's why I support the principles of open science. I don't,…",,response:neutral,,pending,
"…that's why I support the principles of open science. I don't,… …I don't have a lot of experience doing open science. I have a lot of experience within co-production and… …in Copyleft culture, which is different…",P002,Interview -2.txt,P002_E096,…I don't have a lot of experience doing open science. I have a lot of experience within co-production and…,,response:neutral;outcome:abandonment,,pending,
"…I don't have a lot of experience doing open science. I have a lot of experience within co-production and… …in Copyleft culture, which is different… …it's not exactly open science, but yeah, that is, it's correct. But maybe just the terms, and",P002,Interview -2.txt,P002_E097,"…in Copyleft culture, which is different…",,response:neutral;outcome:abandonment,,pending,
"…in Copyleft culture, which is different… …it's not exactly open science, but yeah, that is, it's correct. But maybe just the terms, and Open science, open science frameworks. I can, I can send you, I can send you the brand. It's called OSF. I don't know. You know, it, it's cool. I mean, it's more for quantitative than qualitative, but I'm trying to use it to include the difference…",P002,Interview -2.txt,P002_E098,"…it's not exactly open science, but yeah, that is, it's correct. But maybe just the terms, and",,response:neutral;outcome:abandonment,,pending,
"…it's not exactly open science, but yeah, that is, it's correct. But maybe just the terms, and Open science, open science frameworks. I can, I can send you, I can send you the brand. It's called OSF. I don't know. You know, it, it's cool. I mean, it's more for quantitative than qualitative, but I'm trying to use it to include the difference… …but I will send it to you.",P002,Interview -2.txt,P002_E099,"Open science, open science frameworks. I can, I can send you, I can send you the brand. It's called OSF. I don't know. You know, it, it's cool. I mean, it's more for quantitative than qualitative, but I'm trying to use it to include the difference…",,response:neutral,,pending,
"Open science, open science frameworks. I can, I can send you, I can send you the brand. It's called OSF. I don't know. You know, it, it's cool. I mean, it's more for quantitative than qualitative, but I'm trying to use it to include the difference… …but I will send it to you. No, I'm not reusing, I am uploading so that people can produce it.",P002,Interview -2.txt,P002_E100,…but I will send it to you.,,domain:performance;issue:performance;response:neutral,,pending,
"…but I will send it to you. No, I'm not reusing, I am uploading so that people can produce it. Yeah, I am uploading my own. Yeah. So,…",P002,Interview -2.txt,P002_E101,"No, I'm not reusing, I am uploading so that people can produce it.",,domain:performance;issue:performance;response:neutral,,pending,
"No, I'm not reusing, I am uploading so that people can produce it. Yeah, I am uploading my own. Yeah. So,… …so people can touch it. Yeah.",P002,Interview -2.txt,P002_E102,"Yeah, I am uploading my own. Yeah. So,…",,domain:performance;issue:performance;response:neutral,,pending,
"Yeah, I am uploading my own. Yeah. So,… …so people can touch it. Yeah. Hmm.",P002,Interview -2.txt,P002_E103,…so people can touch it. Yeah.,,domain:performance;issue:performance;response:neutral,,pending,
"…so people can touch it. Yeah. Hmm. No, I think there are, but…",P002,Interview -2.txt,P002_E104,Hmm.,,response:neutral,,pending,
"Hmm. No, I think there are, but… …then there are guidance.",P002,Interview -2.txt,P002_E105,"No, I think there are, but…",,response:neutral,,pending,
"No, I think there are, but… …then there are guidance. Yeah, so I think that If you go and…",P002,Interview -2.txt,P002_E106,…then there are guidance.,,response:neutral,,pending,
"…then there are guidance. Yeah, so I think that If you go and… …look for it, there are all these, I told you there are …",P002,Interview -2.txt,P002_E107,"Yeah, so I think that If you go and…",,response:neutral,,pending,
"Yeah, so I think that If you go and… …look for it, there are all these, I told you there are … …the ESRC, the UK research and innovation, they all have like these explanations…",P002,Interview -2.txt,P002_E108,"…look for it, there are all these, I told you there are …",,response:neutral,,pending,
"…look for it, there are all these, I told you there are … …the ESRC, the UK research and innovation, they all have like these explanations… …but these, it’s like, out - is detached from your own process. So there…",P002,Interview -2.txt,P002_E109,"…the ESRC, the UK research and innovation, they all have like these explanations…",,domain:workflow;issue:workflow;response:neutral,,pending,
"…the ESRC, the UK research and innovation, they all have like these explanations… …but these, it’s like, out - is detached from your own process. So there… …there are, there [is] information, but this information is not incorporated in the process of the PhD.",P002,Interview -2.txt,P002_E110,"…but these, it’s like, out - is detached from your own process. So there…",,domain:workflow;issue:workflow;response:neutral,,pending,
"…but these, it’s like, out - is detached from your own process. So there… …there are, there [is] information, but this information is not incorporated in the process of the PhD. It is…",P002,Interview -2.txt,P002_E111,"…there are, there [is] information, but this information is not incorporated in the process of the PhD.",,domain:workflow;issue:workflow;response:neutral,,pending,
"…there are, there [is] information, but this information is not incorporated in the process of the PhD. It is… Yeah. So there is that, out there, but it's not…",P002,Interview -2.txt,P002_E112,It is…,,domain:workflow;issue:workflow;response:neutral,,pending,
"It is… Yeah. So there is that, out there, but it's not… …it's not made part of the process.",P002,Interview -2.txt,P002_E113,"Yeah. So there is that, out there, but it's not…",,domain:workflow;issue:workflow;response:neutral,,pending,
"Yeah. So there is that, out there, but it's not… …it's not made part of the process. Yeah.",P002,Interview -2.txt,P002_E114,…it's not made part of the process.,,domain:workflow;issue:workflow;response:neutral,,pending,
…it's not made part of the process. Yeah. Okay.,P002,Interview -2.txt,P002_E115,Yeah.,,domain:workflow;issue:workflow;response:neutral,,pending,
Yeah. Okay. No. It's fine.,P002,Interview -2.txt,P002_E116,Okay.,,response:neutral,,pending,
Okay. No. It's fine. No.,P002,Interview -2.txt,P002_E117,No. It's fine.,,response:neutral,,pending,
No. It's fine. No. Again?,P002,Interview -2.txt,P002_E118,No.,,response:neutral;outcome:repeat_attempt,,pending,
Again? This? I can be directly named.,P002,Interview -2.txt,P002_E119,This?,,response:neutral;outcome:repeat_attempt,,pending,
This? I can be directly named. Yeah.,P002,Interview -2.txt,P002_E120,I can be directly named.,,response:neutral,,pending,
I can be directly named. Yeah. Okay. Well.,P002,Interview -2.txt,P002_E121,Yeah.,,response:neutral,,pending,
